,Unnamed: 0,# ID,MJD,YYYY,MM,DD,hh,mm,ssssssss,Duration_s,RA_(deg),Dec_(deg),Az_(deg),Ze_(deg),Az_uncorr_(deg),Ze_uncorr_(deg),Ze_correction_(deg),Obs_initial_vel_(km_per_s),Geocentric_vel_(km_per_s),RCS_(dBsm),SNR_(dB),Start_hgt_(km),End_hgt_(km),Az_of_start_point_(deg),Ze_of_start_point_(deg),Az_of_end_point_(deg),Ze_of_end_point_(deg),Semimajor_axis_(AU), Eccentricity,Perihelion_dist_(AU),Lon_of_asc_node_(deg),Inclination_(deg),Argument_of_periapsis_(deg),Period_(yr),Heliocentric_vel_(km_per_s), Radiant_ecl_lon_(deg), Radiant_ecl_lat_(deg),Sol_lon_(deg),RA_error_(deg),Dec_error_(deg),Az_error_(deg),Ze_error_(deg),Vel_error_(deg),Semimajor_axis_error_(AU),Eccentricity_error, Perihelion_dist_error_(AU),Inclination_error_(deg),Argument_of_periapsis_error_(deg),Period_error_(yr),Heliocentric_vel_error,Ecl_lon_error_(deg),Ecl_lat_error_(deg),Hammer_X,Hammer_Y, Time_from_Perihelion_(days),class,s-YYYY,s-MM,s-DD,s-hh,s-mm,s-ssss,az1(start)[deg]camera,az2(end)[deg]camera,ev1(start)[deg]camera,ev2(end)[deg]camera,flag,mag_iccd,mag_err,mag(original),duration[sec]camera,average_mag_iccd,abs_mag,average_abs_mag,average_abs_mag_err
0,0,1011198,55099.44982,2009,9,25,10,47,44.70992,0.31512,351.945703,9.338749,107.795679,51.235036,107.325367,47.108879,4.865696,19.665584,15.894531,-14.957467,32.649442,85.124974,80.681649,122.56047,2.674715,240.637049,1.019879,1.720973,0.585481,0.713377,182.374727,5.908756,257.384713,2.257674,35.28638,356.351269,11.763592,182.374727,1.288859,1.094288,0.425766,0.983032,0.403432,0.116035,0.025428,0.013025,0.819226,3.805202,0.228884,0.403432,1.288859,1.094288,1.601979,0.224169,-48.13021,  spo   ,2009,9,25,19,47,44.93333333,224.844086,242.958893,89.15757,88.935417,10,7.515511,0.299879,6.823303,0.083416,8.26,7.862859073,8.607348073,0.299879
1,1,1011258,55099.52498,2009,9,25,12,35,58.57904,0.51168,354.3434,3.530299,137.910538,38.952702,136.511882,36.112431,3.454944,19.954101,16.387703,-17.591513,30.742483,94.171798,85.952711,105.814322,2.173836,348.973148,2.263199,1.808737,0.611772,0.702203,182.448391,2.852538,257.861743,2.432557,35.637886,356.211584,5.487389,182.448391,0.115613,0.170194,0.003486,0.167702,0.043175,0.010187,0.002253,0.001061,0.111593,0.174842,0.02055,0.043175,0.115613,0.170194,1.626854,0.104811,-47.471004,  spo   ,2009,9,25,21,35,58.76666667,55.721733,350.944977,88.908661,87.999588,101,2.963922,0.327581,2.943943,0.283617,3.557058824,3.092754408,3.685891232,0.327581
2,2,1011264,55099.53206,2009,9,25,12,46,10.0148,0.37128,21.085261,3.881973,112.806153,54.958932,112.433392,53.083259,2.30511,28.924405,26.400223,-15.282537,30.936777,105.063434,98.618532,132.182865,2.171984,276.803811,2.900414,1.353591,0.782533,0.294362,2.455327,5.69923,127.534647,1.574822,33.260788,20.941176,-4.626045,182.455327,0.115287,0.110793,0.068568,0.088271,0.059098,0.009906,0.001437,0.001745,0.140632,0.363371,0.017287,0.059098,0.115287,0.110793,1.227065,-0.084842,-45.304128,  spo   ,2009,9,25,21,46,10.13333333,274.089783,269.579315,87.518646,87.996895,101,6.794795,0.173883,8.628847,0.116783,8.468888889,6.685976425,8.360070314,0.173883
3,3,1011366,55099.64221,2009,9,25,15,24,46.85968,0.22464,31.139416,-1.977874,149.740561,41.050546,148.838785,40.061033,1.253162,33.027367,30.968738,-16.553523,27.283371,101.014872,95.295766,300.987809,0.684927,323.372183,3.552973,1.321211,0.845464,0.204175,2.563287,23.848771,137.590135,1.518653,33.021971,28.292624,-13.723244,182.563287,0.254209,0.345128,0.203143,0.295345,0.139877,0.019271,0.003651,0.00442,0.689927,0.943572,0.033233,0.139877,0.254209,0.345128,1.084807,-0.24854,-41.609678,  spo   ,2009,9,26,24,24,46.93333333,317.590454,319.596558,87.950211,87.477165,1,5.025154,0.205291,4.766378,0.083417,6.316,5.003072251,6.293918251,0.205291
4,4,1011376,55099.64459,2009,9,25,15,28,12.53008,0.28392,35.209247,22.766339,115.565977,23.074167,114.919877,23.045434,0.517864,37.851742,36.042837,-18.902528,24.232252,98.878558,89.114586,344.33068,1.133306,309.983098,3.67549,1.036607,0.95064,0.051167,182.56562,33.598553,341.301998,1.05541,30.122386,40.422499,8.255047,182.56562,0.333625,0.324326,0.654845,0.1837,0.05084,0.014276,0.001296,0.001754,1.244825,0.817044,0.021805,0.05084,0.333625,0.324326,0.897332,0.147764,-35.97542,  spo   ,2009,9,26,24,28,12.56666667,316.132202,313.003937,87.513214,87.016899,1,6.690576,0.193636,6.401617,1.001001,8.253,6.714640562,8.277064562,0.193636
5,5,1011469,55099.66879,2009,9,25,16,3,3.48368,0.33384,23.234336,4.374867,176.443883,30.525248,174.952616,29.479661,1.094025,30.18621,28.052917,-22.407856,24.902145,101.647011,92.982239,135.300784,1.25104,18.915349,2.148352,1.362851,0.81501,0.252114,2.589341,6.957641,131.841087,1.591009,33.329505,23.122678,-4.960403,182.589341,0.244292,0.364096,0.426383,0.328541,0.097802,0.026154,0.002453,0.005311,0.58589,1.388785,0.04581,0.097802,0.244292,0.364096,1.192693,-0.090695,-43.436838,J5_sTa  ,2009,9,26,25,3,3.566666667,38.855015,19.564165,88.951828,88.174484,0,7.495423,0.16071,6.663429,0.116783,9.25,7.459432264,9.214009264,0.16071
6,6,1011581,55099.69093,2009,9,25,16,34,56.22464,0.156,68.294514,38.108616,72.433198,31.184863,72.626507,31.230208,0.230061,65.820594,64.683933,-6.919566,38.768896,107.167963,98.230599,15.165878,0.895956,270.014583,2.754797,6.509648,0.894596,0.686146,182.61104,148.13641,250.650337,16.608724,40.274668,72.379383,15.988953,182.61104,0.359179,0.293571,0.510217,0.251596,0.177456,1.178017,0.018136,0.011412,0.726725,3.191627,4.575289,0.177456,0.359179,0.293571,0.344541,0.279236,-38.915725,  spo   ,2009,9,26,25,34,56.26666667,283.280487,273.53183,88.282005,87.484314,1,4.323902,0.223733,4.451055,0.083416,5.5325,4.173311617,5.381909617,0.223733
7,7,1012094,55099.75278,2009,9,25,18,4,0.4112,0.07176,82.600866,25.413663,101.179356,28.104945,101.05125,28.201287,0.169983,72.346854,71.310847,-21.263307,20.773394,125.732634,121.253282,95.212294,2.64678,90.995478,1.602787,-19.158733,1.048217,0.923767,182.671669,176.237995,212.206824,,42.467495,83.315583,2.147153,182.671669,1.827387,1.559437,2.289925,1.285965,0.920867,57.722608,0.104054,0.029586,2.828912,13.32502,518.389298,0.920867,1.827387,1.559437,0.165487,0.037506,-21.430541,  spo   ,2009,9,26,27,4,0.633333333,287.783417,285.858246,88.327538,87.759895,1,3.095496,0.253364,3.062166,0.083416,4.326,2.595938167,3.826442167,0.253364
8,8,1012103,55099.75331,2009,9,25,18,4,46.14728,0.27144,87.976347,-5.379655,132.594943,52.574342,132.267251,52.221987,0.52635,57.97971,56.676563,-9.165583,37.659457,103.945176,94.384454,147.132014,4.075097,292.407346,3.392006,1.475615,0.346893,0.963735,2.672188,125.944383,31.895606,1.792502,34.064042,87.700701,-28.801531,182.672188,0.044713,0.052675,0.017067,0.053772,0.070755,0.014183,0.005602,0.00125,0.129879,1.384392,0.025843,0.070755,0.044713,0.052675,0.080578,-0.497526,-27.097653,  spo   ,2009,9,26,27,4,46.63333333,262.214294,279.125244,88.474243,87.849731,101,5.100679,0.217559,5.021829,0.083416,6.03,5.01116036,5.94048136,0.217559
9,9,1012411,55099.78232,2009,9,25,18,46,32.25608,0.2028,105.813818,8.202331,113.462483,47.726113,113.288237,47.592912,0.333181,68.890364,67.724241,9.535317,56.464256,104.984091,95.627205,127.79328,3.678135,269.086871,2.469103,9.591134,0.909899,0.864167,2.70062,153.805519,315.231953,29.703318,40.812595,106.165596,-14.352696,182.70062,0.089161,0.075514,0.00071,0.113246,0.151289,1.567289,0.014374,0.002879,0.175651,1.229343,7.366694,0.151289,0.089161,0.075514,-0.227078,-0.250268,29.245116,  spo   ,2009,9,26,27,46,32.4,256.291809,267.014191,88.351563,87.728279,101,1.971412,0.263828,2.215046,0.083416,3.42,1.861317066,3.309905066,0.263828
10,10,1015216,55123.5914,2009,10,19,14,11,37.16304,0.20592,126.184092,52.201311,37.192378,73.330146,37.482187,72.723821,0.668152,63.051784,61.83828,4.390084,33.669305,101.997716,98.160262,13.614041,8.591718,321.836336,3.755025,4.18488,0.762339,0.994584,206.19473,124.699619,184.525541,8.560999,39.752907,115.222652,31.884696,206.19473,1.248676,0.828499,0.766812,0.365412,1.616159,6.039679,0.165318,0.001529,2.104738,5.52661,25.846671,1.616159,1.248676,0.828499,0.017063,0.549343,-3.4338,  spo   ,2009,10,19,23,11,37.4,296.990082,301.644592,86.043404,86.092628,101,6.536523,0.164458,4.939405,3.837159,8.905,6.469064709,8.837541709,0.164458
11,11,1015487,55123.67819,2009,10,19,16,16,35.88296,0.27456,94.53711,16.470192,102.071976,44.916045,101.973709,44.824884,0.318199,68.076582,66.896595,-6.361925,35.280891,120.963528,107.720312,88.682178,2.353421,289.749131,4.486047,10.482533,0.941527,0.61294,26.280995,165.791827,78.050961,33.939025,41.335806,94.382365,-6.898834,206.280995,0.127522,0.113972,0.099462,0.098036,0.114077,1.580942,0.008672,0.004727,0.240707,1.324138,7.758101,0.114077,0.127522,0.113972,0.38192,-0.120896,-38.974965,  spo   ,2009,10,20,25,16,36.03333333,309.351074,293.433228,88.793259,86.985535,1,4.309633,0.192883,3.62752,0.884218,8.213,3.894528459,7.797895459,0.192883
12,12,1015492,55123.67926,2009,10,19,16,18,8.39096,0.26832,93.920345,22.506438,95.145699,41.031138,95.099317,40.98588,0.292001,67.702766,66.530151,-9.126552,38.650762,103.387114,89.605441,91.081664,3.341501,279.353451,3.630242,7.483074,0.923354,0.573549,26.282059,178.137433,83.303299,20.470105,40.920581,93.621774,-0.882308,206.282059,0.139996,0.08643,0.043209,0.128947,0.132009,0.897256,0.009105,0.0055,0.177237,1.538248,3.705694,0.132009,0.139996,0.08643,0.397174,-0.015478,-39.955822,  spo   ,2009,10,20,25,18,8.533333333,284.540588,283.769928,88.24839,88.0952,101,6.815079,0.18097,7.901978,2.519178,8.35375,6.739051988,8.277722988,0.18097
13,13,1015504,55123.6818,2009,10,19,16,21,47.08112,0.18096,93.146247,15.10035,105.784406,43.538833,105.653126,43.458363,0.310633,67.694225,66.520231,-0.389887,39.517664,125.754079,116.875766,15.60419,1.500648,307.000464,4.429487,13.336044,0.956194,0.584202,26.284575,162.574564,81.125327,48.701296,41.555834,93.069722,-8.304149,206.284575,0.147238,0.121156,0.073549,0.13547,0.147392,3.286379,0.010253,0.005987,0.258282,1.67863,18.469633,0.147392,0.147238,0.121156,0.403604,-0.145561,-39.039393,  spo   ,2009,10,20,25,21,47.23333333,329.334045,322.253418,87.774712,87.405121,101,4.76991,0.132957,3.61851,0.083416,6.33,4.271554716,5.831644716,0.132957
14,14,1015584,55123.69865,2009,10,19,16,46,3.23816,0.22464,126.780848,50.118692,49.923405,52.354661,50.218847,52.044865,0.482681,60.342778,59.075453,0.678063,46.414552,112.4136,104.083455,35.079185,2.579946,243.043691,3.278011,1.904901,0.47732,0.995654,206.301327,125.787069,182.229904,2.629109,36.400036,116.311574,29.985998,206.301327,0.222574,0.168453,0.186162,0.110912,0.148576,0.059944,0.016368,0.000136,0.329439,1.26323,0.124159,0.148576,0.222574,0.168453,0.001951,0.5174,-1.849601,  spo   ,2009,10,20,25,46,3.333333333,266.227112,256.389557,88.603149,88.12471,101,3.747165,0.321364,3.178124,0.083416,4.6725,3.490868568,4.416203568,0.321364
15,15,1015617,55123.70464,2009,10,19,16,54,40.712,0.19656,112.617235,45.178918,58.750337,42.204202,59.002904,42.107903,0.307132,66.940884,65.790013,-1.475975,42.64212,117.564526,107.67785,32.341346,1.663751,254.001153,3.143755,6.639271,0.86,0.929499,206.307281,139.192671,211.151207,17.107265,40.735232,107.137364,23.077286,206.307281,0.372196,0.277537,0.376185,0.233699,0.246092,1.492997,0.030229,0.00498,0.528792,2.87526,5.898832,0.246092,0.372196,0.277537,0.152466,0.400369,-21.759912,  spo   ,2009,10,20,25,54,40.76666667,263.985077,267.373413,88.045364,88.279221,1,4.70763,0.172818,4.344015,1.117781,6.646,4.355332891,6.293702891,0.172818
16,16,1015654,55123.71186,2009,10,19,17,5,4.3728,0.14976,133.442639,79.31821,12.867468,52.65404,13.446094,51.906014,0.80968,46.798044,45.388121,-5.559052,34.060595,95.148145,90.804505,337.474785,3.875591,279.154512,2.393523,3.726587,0.739176,0.971984,206.314455,80.568831,199.350157,7.19394,39.423477,103.917709,58.001581,206.314455,2.17824,0.346609,0.361947,0.343687,0.369869,0.627101,0.042046,0.00318,0.728824,2.877103,1.839881,0.369869,2.17824,0.346609,0.132384,0.970649,-14.500117,  spo   ,2009,10,20,26,5,4.433333333,260.195557,279.106689,87.215065,87.481667,101,3.91522,0.202119,3.631607,1.051051,7.51,4.018246883,7.613026883,0.202119
17,17,1015809,55123.73327,2009,10,19,17,35,54.51408,0.17784,134.440342,31.958404,72.979793,54.166293,73.092214,53.970318,0.374829,69.790288,68.599453,3.740671,48.686851,115.358479,107.981254,64.933598,3.872633,279.159507,1.337356,8.632877,0.896349,0.894806,206.33574,154.573211,141.745176,25.364909,41.115338,127.782613,14.163187,206.33574,0.259469,0.23383,0.229101,0.156614,0.272972,2.459802,0.027494,0.004811,0.401939,2.438079,11.213367,0.272972,0.259469,0.23383,-0.192797,0.246852,25.662605,  spo   ,2009,10,20,26,35,54.66666667,272.347687,271.661133,87.907295,87.826508,101,2.933474,0.239441,2.819155,2.552545,6.233333333,2.618262498,5.918121831,0.239441
18,18,1015895,55123.74194,2009,10,19,17,48,23.18928,0.19344,119.927741,54.836264,43.589274,38.63496,44.048573,38.446713,0.404444,55.684787,54.397732,-16.688968,27.698442,112.015616,103.553137,355.554253,1.24408,243.946337,2.952931,1.410725,0.330329,0.944722,206.344353,116.909065,217.524064,1.675574,34.069728,110.148474,33.471995,206.344353,1.956856,1.197911,1.651198,0.934842,0.719751,0.187075,0.082044,0.023929,2.422069,23.060436,0.336547,0.719751,1.956856,1.197911,0.096227,0.576125,-31.414441,  spo   ,2009,10,20,26,48,23.26666667,267.965546,267.494385,88.452736,88.441757,1,9.815202,0.228116,99.9,2.235562,10.29571429,9.568297213,10.0488095,0.228116
19,19,1015923,55123.74421,2009,10,19,17,51,39.94272,0.23712,78.976259,35.825964,77.863385,5.467154,78.685558,5.796837,0.053093,56.601501,55.465277,-18.231855,27.308758,114.576905,101.295427,239.999332,0.589888,250.021891,1.413144,2.088856,0.902155,0.204384,206.346616,139.192554,312.511755,3.018997,36.963722,80.854104,12.737264,206.346616,0.621531,0.550788,4.876969,0.439735,0.045624,0.118519,0.007232,0.010817,1.775512,2.56305,0.257464,0.045624,0.621531,0.550788,0.607775,0.224528,-38.112685,  spo   ,2009,10,20,26,51,40.03333333,249.856522,251.000473,88.919388,88.75666,0,6.458683,0.212437,6.257694,0.083416,7.045,6.163082479,6.749399479,0.212437
20,20,1015927,55123.74434,2009,10,19,17,51,50.64432,0.23088,156.082666,27.92568,69.487943,69.651302,69.632899,68.999114,0.783673,56.418438,54.971091,-8.643077,30.919545,112.777337,107.995382,30.203815,3.399971,280.776701,4.352834,1.493602,0.802047,0.295663,206.34674,133.887365,54.56589,1.825376,34.581567,147.480777,16.690665,206.34674,0.35402,0.331398,0.278947,0.192855,0.480896,0.098633,0.007327,0.015954,1.225972,4.88406,0.181215,0.480896,0.35402,0.331398,-0.522062,0.292879,43.801921,  spo   ,2009,10,20,26,51,50.76666667,303.409485,300.998291,87.201271,87.112999,101,7.566887,0.225692,5.29332,0.617282,8.088,7.301952355,7.823065355,0.225692
21,21,1015953,55123.74638,2009,10,19,17,54,47.42664,0.19656,112.383278,44.636999,59.831903,31.358823,60.174826,31.361528,0.262727,61.835579,60.652849,-2.837328,28.244416,98.817254,88.46315,283.625428,4.156205,263.5942,7.975379,1.723365,0.48631,0.885276,206.348773,137.571424,228.658094,2.262382,35.715885,107.057155,22.515446,206.348773,1.126618,0.7576,1.338867,0.742572,0.467597,0.183107,0.058583,0.023517,1.577866,13.251974,0.362592,0.467597,1.126618,0.7576,0.154926,0.390761,-36.578344,J5_Lmi  ,2009,10,20,26,54,47.4,289.860229,284.651855,86.195732,85.812195,1,3.788733,0.24229,3.597036,0.083416,5.47,3.808850961,5.490117961,0.24229
22,22,1016042,55123.75523,2009,10,19,18,7,32.17464,0.25272,117.796572,3.632512,119.633742,49.438973,119.425157,49.281768,0.339027,69.60537,68.456625,12.431161,56.727228,113.603999,102.098833,142.207767,3.473882,278.54364,4.19506,7.161991,0.861604,0.991194,26.357571,150.524947,351.821325,19.166846,40.856475,119.12805,-17.039022,206.357571,0.048779,0.047797,0.003329,0.064277,0.090563,0.47266,0.009123,0.000256,0.09243,0.484343,1.900954,0.090563,0.048779,0.047797,-0.044469,-0.296316,6.02061,  spo   ,2009,10,20,27,7,32.33333333,276.193451,267.506622,86.038872,87.172401,101,0.503663,0.218862,5.240866,1.001001,6.584285714,0.222701203,6.303323917,0.218862
23,23,1016264,55123.77297,2009,10,19,18,33,4.4004,0.20592,95.10894,14.823689,147.974407,22.891879,147.26202,22.897769,0.155498,68.028479,67.035786,3.282809,43.438036,115.175387,102.273675,186.146724,3.416758,237.897656,2.414656,12.067883,0.947418,0.634548,26.375199,162.668917,75.272989,41.922449,41.472669,94.993797,-8.525813,206.375199,0.037605,0.04961,0.041706,0.046914,0.023801,0.4255,0.001901,0.001416,0.101195,0.382138,2.218064,0.023801,0.037605,0.04961,0.371873,-0.149323,-38.446163,  spo   ,2009,10,20,27,33,4.666666667,264.08667,259.240143,87.021019,87.158112,10,3.799189,0.563692,4.131608,1.601602,7.316,3.48852724,7.00533824,0.563692
24,24,1016470,55123.79101,2009,10,19,18,59,3.54552,0.3588,85.159925,85.067755,359.535022,50.227615,0.413035,48.686168,1.50807,33.50431,31.609555,-7.578886,38.627009,101.365597,93.170378,330.363216,2.799097,208.628333,3.213774,1.289573,0.31355,0.885228,206.393137,59.263684,237.68591,1.464431,33.186031,89.12482,61.644446,206.393137,1.511627,0.385977,0.128475,0.344309,0.230371,0.036158,0.014109,0.007941,0.549659,6.04818,0.061619,0.230371,1.511627,0.385977,0.263197,1.029492,-46.164337,  spo   ,2009,10,20,27,59,3.566666667,312.121613,266.335327,87.934814,88.410904,101,5.58226,0.272608,5.865079,0.116783,6.927142857,5.550214772,6.895097629,0.272608
25,25,1016521,55123.79555,2009,10,19,19,5,35.3092,0.34632,92.776842,15.261929,174.788002,19.659853,173.800756,19.554742,0.136405,67.096428,66.160477,1.251975,39.402788,122.272493,100.348524,233.406497,2.381788,313.556533,3.866125,10.698787,0.947064,0.566347,26.397644,162.686314,83.495308,34.994661,41.358707,92.706189,-8.150007,206.397644,0.041964,0.054487,0.106078,0.050912,0.021107,0.388639,0.001919,0.001559,0.12641,0.394255,1.906829,0.021107,0.041964,0.054487,0.411945,-0.142897,-39.44564,J5_Ori  ,2009,10,20,28,5,35.5,278.725281,305.827515,87.55146,86.593781,101,1.064459,0.29441,1.832738,0.15015,2.514,0.625938398,2.075479398,0.29441
26,26,1020658,55124.4179,2009,10,20,10,1,46.52224,0.24024,30.732258,45.927204,54.204624,55.726363,54.697314,54.158734,1.897058,31.995992,29.734862,-20.42297,21.386442,100.419577,95.964903,7.174408,3.350421,297.625324,2.905811,1.857896,0.758813,0.448101,207.01638,35.286209,285.945909,2.532398,36.248974,45.663468,31.184289,207.01638,1.98636,1.490788,1.486627,0.926919,0.730771,0.323331,0.033847,0.019443,2.150967,7.276944,0.671121,0.730771,1.98636,1.490788,1.085931,0.562561,-45.987209,  spo   ,2009,10,20,19,1,46.06666667,312.825287,313.958649,87.28199,87.303131,10,8.603164,0.612523,99.9,3.002994,8.948,8.590357347,8.935193347,0.612523
27,27,1020798,55124.57821,2009,10,20,13,52,37.14168,0.2028,85.576076,27.008664,75.604436,61.195947,75.700249,60.847421,0.510859,64.402043,63.105527,0.456539,42.806654,103.754402,97.301106,40.56237,3.831919,290.639892,4.101545,7.980329,0.957901,0.335963,207.17579,170.553469,290.748,22.544011,41.02717,86.051428,3.631261,207.17579,0.315834,0.283786,0.242455,0.198203,0.401733,3.33517,0.014918,0.013041,0.815665,3.8538,15.094585,0.401733,0.315834,0.283786,0.54306,0.063959,-38.290379,  spo   ,2009,10,20,22,52,37.23333333,321.946594,309.127563,87.43663,87.047379,101,3.843034,0.23982,7.237567,0.083416,4.7875,3.758141348,4.702607348,0.23982
28,28,1020822,55124.58893,2009,10,20,14,8,3.77864,0.25584,52.12918,12.864269,116.109174,38.481634,115.708873,38.071645,0.808069,39.624273,37.812867,-13.7673,33.905377,99.644043,91.708566,149.034932,0.349068,292.370647,3.566552,2.127886,0.947223,0.112303,27.186455,15.917066,145.471613,3.104006,37.084145,53.015249,-5.844831,207.186455,0.175945,0.162793,0.118726,0.154991,0.082151,0.04942,0.001073,0.001672,0.529784,0.566537,0.10817,0.082151,0.175945,0.162793,1.103277,-0.1061,-34.402796,  spo   ,2009,10,20,23,8,3.833333333,289.462646,289.219269,87.913597,88.016495,101,7.682084,0.295482,8.529081,2.369029,9.203,7.689786998,9.210702998,0.295482
29,29,1020848,55124.60237,2009,10,20,14,27,25.14248,0.5148,39.139539,11.307437,142.396014,28.224627,141.029985,27.469712,1.194234,27.913926,25.490719,-20.831777,23.265856,106.023804,93.395727,190.311768,2.24468,282.684936,3.118351,1.555993,0.76393,0.367324,27.199822,4.00967,117.203535,1.940937,34.941126,40.338559,-3.801469,207.199822,0.07881,0.084114,0.101293,0.06399,0.016025,0.006279,0.000619,0.00093,0.080508,0.251078,0.011747,0.016025,0.07881,0.084114,1.316415,-0.070286,-45.83084,J5_sTa  ,2009,10,20,23,27,25.53333333,264.665527,285.831421,87.682686,86.524139,1,6.383049,0.338877,5.564824,0.216884,7.709285714,6.25436523,7.580601944,0.338877
30,30,1020887,55124.61957,2009,10,20,14,52,10.55264,0.2028,94.800644,15.698532,89.797062,62.032734,89.79704,61.720026,0.468248,67.744659,66.48441,4.916485,50.384322,115.614367,109.092333,85.322418,2.669088,273.351649,3.55764,9.330897,0.936334,0.594063,27.216919,164.023065,80.450323,28.502639,41.224968,94.662897,-7.661818,207.216919,0.055874,0.049433,0.034785,0.042434,0.092409,0.875252,0.005854,0.002836,0.114799,0.876797,4.027245,0.092409,0.055874,0.049433,0.392715,-0.134282,-39.365233,  spo   ,2009,10,20,23,52,10.63333333,289.634521,279.52594,89.253448,88.496826,101,2.920314,0.22054,3.03124,0.083416,3.615,2.602897958,3.297583958,0.22054
31,31,1020922,55124.63201,2009,10,20,15,10,5.61816,0.19344,118.55543,23.312985,72.637752,73.661902,72.732167,73.229988,0.516319,71.946687,70.727594,9.179595,51.672363,113.245518,109.06114,67.71891,2.831948,256.369393,4.046023,7.354004,0.864928,0.993317,207.229293,175.806521,185.745296,19.942783,40.91171,116.064005,2.421614,207.229293,0.238954,0.202049,0.133591,0.166058,0.699531,4.702615,0.065412,0.000726,0.337688,2.020882,21.71164,0.699531,0.238954,0.202049,0.022708,0.042254,-4.232382,  spo   ,2009,10,21,24,10,5.7,10.692074,278.486969,89.624428,89.238281,101,2.456007,0.230759,2.00601,0.083416,3.525,2.183248341,3.252241341,0.230759
32,32,1020950,55124.6374,2009,10,20,15,17,51.1128,0.19968,94.73077,15.481615,93.843464,56.796506,93.815002,56.530423,0.453163,65.380406,64.104163,2.192255,49.315168,103.814372,96.542837,107.012136,3.124285,260.361454,3.294784,3.269389,0.833077,0.545736,27.234651,162.982014,89.672491,5.911529,39.012069,94.602309,-7.880859,207.234651,0.825164,0.536297,0.09603,0.856261,1.531428,2.164034,0.076987,0.052637,1.308679,16.510554,6.719096,1.531428,0.825164,0.536297,0.393879,-0.138119,-42.737826,  spo   ,2009,10,21,24,17,51.3,258.587158,262.130035,87.29409,86.445366,101,3.758188,0.39674,3.336944,0.083416,4.7925,3.673670645,4.707982645,0.39674
33,33,1020959,55124.63904,2009,10,20,15,20,13.17888,0.11856,37.826299,7.469978,174.558091,27.482642,172.897092,26.543443,1.012752,29.742193,27.567977,-24.377071,18.513162,96.180449,93.083487,292.790704,2.356892,308.720455,3.029134,2.132182,0.820566,0.382587,27.236286,7.75009,111.476277,3.113411,37.096411,37.896531,-7.04114,207.236286,2.047943,2.159198,3.951278,1.870342,0.505957,0.478797,0.026572,0.038116,2.822487,10.370622,1.077148,0.505957,2.047943,2.159198,1.351428,-0.130555,-43.415578,J5_sTa  ,2009,10,21,24,20,13.1,283.108124,308.406097,87.779396,86.7957,1,6.86979,0.275024,6.276556,5.672339,8.262916667,6.952518272,8.345644939,0.275024
34,34,1020993,55124.64638,2009,10,20,15,30,47.52168,0.15912,94.286756,15.452014,96.170449,53.790476,96.125199,53.587145,0.397993,67.489696,66.257517,0.451175,44.15537,114.927104,108.555521,83.372591,3.502193,317.491197,1.239646,9.204069,0.936998,0.579879,27.243587,163.319681,82.139118,27.923499,41.209429,94.171431,-7.923954,207.243587,0.226244,0.199038,0.148507,0.176793,0.292022,3.091794,0.019047,0.010114,0.449386,2.976456,14.725031,0.292022,0.226244,0.199038,0.401461,-0.1389,-39.529365,J5_Ori  ,2009,10,21,24,30,47.63333333,358.036224,317.756073,89.169601,88.754326,101,6.678139,0.276744,5.322633,0.083417,8.033333333,6.371967583,7.727161916,0.276744
35,35,1021009,55124.64963,2009,10,20,15,35,27.94416,0.5148,43.141783,9.88705,170.693903,25.234639,168.787559,24.308425,1.056281,27.928001,25.594795,-21.758742,26.138809,105.914428,93.032828,159.179312,2.040376,4.217363,1.4637,1.366668,0.758579,0.329942,27.246815,7.097188,123.367597,1.597697,33.784139,43.676637,-6.338942,207.246815,0.222216,0.204351,0.448942,0.164512,0.036115,0.014617,0.001251,0.00339,0.248601,0.94048,0.025634,0.036115,0.222216,0.204351,1.25836,-0.116541,-46.109657,  spo   ,2009,10,21,24,35,28.36666667,3.133383,1.39791,88.948227,88.788925,101,6.38683,0.154627,5.582664,0.467132,7.67,6.260677193,7.543847193,0.154627
36,36,1021157,55124.67714,2009,10,20,16,15,4.71504,0.22464,116.216604,31.065155,73.539283,55.383751,73.649803,55.154297,0.409116,67.692019,66.467778,-14.92846,25.087047,116.503775,107.860075,45.747434,3.859981,287.135455,3.540313,2.33435,0.587428,0.963087,207.274173,162.520697,204.26033,3.566556,37.583173,112.572315,9.658459,207.274173,0.589727,0.548665,0.535702,0.348041,0.592038,0.326343,0.056603,0.00793,1.04225,7.19968,0.755012,0.592038,0.589727,0.548665,0.083541,0.168401,-18.881803,  spo   ,2009,10,21,25,15,4.866666667,306.423706,302.799286,87.485863,87.353386,101,9.595164,0.168214,8.000564,5.138456,10.22533333,9.258532521,9.888701851,0.168214
37,37,1021162,55124.67809,2009,10,20,16,16,26.9208,0.22152,97.393112,36.416667,73.308921,38.605785,73.460284,38.572003,0.285551,66.172546,65.001447,-2.258167,40.93595,115.422037,103.918068,38.689469,2.968348,292.847207,2.959442,4.853604,0.86957,0.633054,207.275119,153.115819,257.464082,10.692926,40.140063,96.103831,13.135159,207.275119,0.171072,0.146792,0.199097,0.111391,0.103326,0.328056,0.008537,0.005647,0.340194,1.609901,1.086521,0.103326,0.171072,0.146792,0.364019,0.229726,-40.351815,  spo   ,2009,10,21,25,16,27,314.582489,302.169647,87.829567,87.437057,101,3.718143,0.146431,2.803917,0.083416,4.385,3.403783894,4.070640894,0.146431
38,38,1021171,55124.67965,2009,10,20,16,18,41.96064,0.14664,95.22472,15.190777,104.202953,44.968301,104.087837,44.871936,0.322101,67.755787,66.572559,-2.835309,43.560049,111.705474,104.652869,114.082765,3.68279,189.913555,0.684661,9.436249,0.935746,0.606313,27.276673,163.124451,78.982636,28.986721,41.238992,95.093317,-8.154917,207.276673,0.170955,0.170482,0.183647,0.108355,0.132343,1.593347,0.010627,0.005732,0.367937,1.557137,7.438664,0.132343,0.170955,0.170482,0.386001,-0.142888,-39.198153,J5_Ori  ,2009,10,21,25,18,42.13333333,245.076187,260.937775,88.926682,88.235779,101,3.115116,0.246996,99.9,0.083416,3.6825,2.870254901,3.437638901,0.246996
39,39,1021184,55124.68159,2009,10,20,16,21,29.49528,0.1716,94.904949,15.754836,104.332697,43.837028,104.213456,43.7527,0.315515,67.459695,66.278633,-2.300403,38.691686,119.412112,111.004357,172.208974,0.869042,271.318217,3.875315,7.869316,0.924932,0.590736,27.278602,164.107265,81.160917,22.075243,41.009726,94.762208,-7.602138,207.278602,0.215634,0.215862,0.240112,0.134586,0.147972,1.282143,0.012082,0.006955,0.466848,1.836401,5.460237,0.147972,0.215634,0.215862,0.392102,-0.133236,-39.686186,  spo   ,2009,10,21,25,21,29.63333333,267.624054,270.281342,87.096596,86.546562,1,5.160587,0.142966,4.867874,0.083416,6.04,4.775095311,5.654508311,0.142966
40,40,1021200,55124.68495,2009,10,20,16,26,19.8768,0.27768,34.559421,27.597688,248.665982,16.487544,247.757947,15.445411,0.457415,33.805635,32.032006,-11.605659,32.554442,101.286689,92.33768,252.601899,2.793609,257.386931,1.550218,2.925958,0.890482,0.320446,207.281944,17.968056,296.084332,5.004978,38.59947,41.491143,13.007419,207.281944,0.387563,0.32875,0.818542,0.257401,0.042445,0.119824,0.002955,0.005213,0.458586,1.539361,0.307699,0.042445,0.387563,0.32875,1.274932,0.239395,-40.251061,J5_And  ,2009,10,21,25,26,20.03333333,257.003876,261.293884,87.923134,88.513733,10,3.695059,0.202731,3.702286,0.216883,5.16,3.664714971,5.129655971,0.202731
41,41,1021236,55124.6898,2009,10,20,16,33,18.49968,0.16536,122.268602,-4.005604,105.94384,75.002723,105.851904,74.505949,0.580504,68.716378,67.450753,-6.666071,37.921557,111.321937,108.298164,118.442036,3.062234,271.882171,2.843457,47.752134,0.979985,0.955773,27.286762,139.269649,336.800298,329.981189,42.150542,125.519885,-23.552794,207.286762,0.104908,0.105728,0.078725,0.067631,0.297585,188.005249,0.029077,0.001824,0.282344,1.394566,10.100406,0.297585,0.104908,0.105728,-0.132294,-0.408438,16.065842,  spo   ,2009,10,21,25,33,18.63333333,271.677063,273.005768,87.233856,86.952347,101,5.893656,0.182559,4.388365,0.083416,7.287142857,5.657649364,7.051136221,0.182559
42,42,1021241,55124.6903,2009,10,20,16,34,2.16096,0.25896,310.631975,2.074466,279.357217,99.604842,279.587214,82.828039,16.607795,15.552038,11.418453,6.512871,52.732258,92.762596,92.214824,313.962099,3.057792,8.792719,1.737296,5.905607,0.832794,0.987451,207.287265,5.431644,190.905469,14.351485,40.546818,313.681359,19.564914,207.287265,1.988576,1.467022,0.046162,0.265435,0.718777,3.444206,0.077797,0.00246,0.609259,2.791329,13.98715,0.718777,1.988576,1.467022,2.478366,0.444881,-8.063923,  spo   ,2009,10,21,25,34,2.066666667,327.935211,358.001831,87.688042,88.226501,101,2.466443,0.2062,4.097884,0.116783,3.3625,2.626484666,3.522541666,0.2062
43,43,1021250,55124.69221,2009,10,20,16,36,46.4976,0.2652,84.027237,11.1443,124.302279,35.776652,123.92121,35.677466,0.364696,56.333832,55.038015,-2.634035,44.658902,101.412491,89.399367,127.887539,2.58746,299.512399,2.647536,1.67417,0.87184,0.214561,27.289156,142.432223,133.181372,2.166203,35.518084,84.005067,-12.169515,207.289156,0.072929,0.073001,0.046478,0.073305,0.051415,0.016134,0.001395,0.002035,0.214089,0.592454,0.031314,0.051415,0.072929,0.073001,0.571312,-0.214251,-39.715978,  spo   ,2009,10,21,25,36,46.63333333,298.651794,299.609955,87.533272,87.011726,101,3.95378,0.29309,2.902797,0.083416,5.0075,3.921107746,4.974827746,0.29309
44,44,1021256,55124.69331,2009,10,20,16,38,22.31904,0.29952,90.339755,57.805321,34.668642,32.858351,35.239246,32.736902,0.303789,58.821178,57.643672,-19.200955,21.604351,119.175963,104.347794,343.141086,2.743505,252.375194,4.087582,9.749176,0.928352,0.69851,207.290259,110.977077,247.657992,30.440507,41.276076,90.219303,34.367563,207.290259,1.192653,0.649398,0.893879,0.451968,0.297388,6.610796,0.03638,0.016399,0.953345,5.386185,35.486851,0.297388,1.192653,0.649398,0.409008,0.594661,-37.205412,  spo   ,2009,10,21,25,38,22.4,282.072723,269.281708,87.310188,86.929413,1,9.276402,0.269594,9.860248,0.850848,9.927272727,8.892968322,9.543839049,0.269594
45,45,1021258,55124.69348,2009,10,20,16,38,36.93624,0.45864,41.891699,11.736569,210.43459,26.004726,208.969777,24.82376,0.862682,31.150976,29.189924,-11.203079,37.64934,100.842847,88.154339,200.511774,2.235906,45.222679,1.344754,1.801609,0.836387,0.294767,27.290427,5.566185,123.064022,2.418192,36.045787,43.045073,-4.209896,207.290427,0.245031,0.281605,0.359185,0.22838,0.057407,0.038745,0.00193,0.004209,0.374874,1.200972,0.07803,0.057407,0.245031,0.281605,1.272883,-0.077495,-42.136042,  spo   ,2009,10,21,25,38,37.16666667,186.047394,158.254562,89.470734,89.729301,101,4.222882,0.286042,3.762139,0.083417,5.588,4.203002658,5.568120658,0.286042
46,46,1021280,55124.69769,2009,10,20,16,44,40.2852,0.27144,84.534977,35.504255,80.228059,22.82624,80.386454,22.962851,0.199975,60.029494,58.844536,-12.289934,31.655444,116.030761,101.002925,20.055714,1.524242,289.753178,3.094645,2.689672,0.887834,0.301689,207.29461,146.862716,298.817446,4.411121,38.25051,85.451214,12.152488,207.29461,0.350694,0.206662,0.447638,0.263425,0.116986,0.149943,0.006823,0.007923,0.772663,1.866898,0.369408,0.116986,0.350694,0.206662,0.546861,0.213757,-40.104193,  spo   ,2009,10,21,25,44,40.36666667,312.314087,289.423584,88.128624,86.790649,1,5.029593,0.227076,4.620094,0.116783,7.3525,4.705958807,7.028865807,0.227076
47,47,1021337,55124.70342,2009,10,20,16,52,55.03296,0.25272,84.16064,16.72256,121.939301,29.142192,121.464468,29.10706,0.359903,50.925905,49.53735,-6.950724,37.676217,106.083771,94.916495,69.809688,2.052819,338.901874,2.959844,1.001842,0.905514,0.09466,27.300304,153.47697,154.725247,1.002764,30.054623,84.370955,-6.601433,207.300304,0.084844,0.081657,0.121338,0.054283,0.026671,0.0042,0.000965,0.000859,0.331925,0.247455,0.006305,0.026671,0.084844,0.081657,0.572182,-0.116362,-38.382636,  spo   ,2009,10,21,25,52,55.16666667,1.291294,351.238861,88.046501,87.753479,101,5.911531,0.176802,5.320162,0.083417,6.87,5.781892219,6.740361219,0.176802
48,48,1021342,55124.704,2009,10,20,16,53,45.67056,0.24024,95.011728,15.230277,111.925359,37.902542,111.725477,37.876237,0.266486,67.845174,66.707402,-6.554545,39.668106,106.229146,93.409659,134.222051,2.675434,272.524061,3.540874,11.443561,0.947267,0.603452,27.300887,163.16802,79.030343,38.711658,41.440366,94.884398,-8.12281,207.300887,0.12691,0.098514,0.017251,0.144619,0.13245,2.029483,0.009129,0.005549,0.196389,1.582729,10.443962,0.13245,0.12691,0.098514,0.390019,-0.14234,-38.970558,  spo   ,2009,10,21,25,53,45.83333333,260.473053,262.866089,87.822769,87.648788,101,8.10233,0.145694,7.192135,0.083416,8.688571429,7.968743311,8.55498474,0.145694
49,49,1021757,55124.74533,2009,10,20,17,53,16.3632,0.2652,102.205834,29.655107,94.241714,24.5163,94.182168,24.645672,0.165194,68.456746,67.388803,-8.834786,35.544867,113.383587,96.920674,60.158828,1.252548,288.302996,3.356547,5.084648,0.855094,0.736794,207.341988,167.12179,244.148452,11.465455,40.245328,100.660141,6.667636,207.341988,0.285663,0.166666,0.225999,0.22747,0.124019,0.446059,0.01302,0.0076,0.330924,2.21804,1.514022,0.124019,0.285663,0.166666,0.291757,0.116617,-37.429439,  spo   ,2009,10,21,26,53,16.5,296.655396,287.844788,87.879578,86.297997,1,4.788676,0.243325,4.256537,0.083416,7.807142857,4.515406117,7.533872974,0.243325
50,50,1021816,55124.75141,2009,10,20,18,2,1.51232,0.22152,103.717624,38.032129,73.704718,22.4625,73.946261,22.598803,0.160439,66.435303,65.357034,-10.985526,31.226996,108.269961,94.94369,348.652164,1.808081,285.938841,3.892184,3.783357,0.799082,0.760145,207.348033,150.948727,242.125326,7.358953,39.487142,101.156303,15.123851,207.348033,0.451787,0.310072,0.787705,0.34911,0.16636,0.408009,0.022371,0.011897,0.647648,3.818711,1.196913,0.16636,0.451787,0.310072,0.277264,0.263851,-37.691293,  spo   ,2009,10,21,27,2,1.566666667,307.019928,295.867859,87.522057,86.945259,1,6.416882,0.313067,5.382896,0.083417,6.955,6.243260697,6.781378697,0.313067
51,51,1022173,55124.77547,2009,10,20,18,36,40.96424,0.27768,151.810053,25.074882,80.037051,57.921759,80.107353,57.6041,0.504811,62.636719,61.31933,-11.543254,30.293882,116.389604,107.105985,52.218571,3.146287,278.439588,5.079657,2.630723,0.835413,0.432984,207.371969,149.944639,76.022844,4.266903,38.154392,144.896487,12.62944,207.371969,0.304817,0.260905,0.214572,0.208514,0.352821,0.263533,0.014324,0.013655,0.658123,4.092002,0.644145,0.352821,0.304817,0.260905,-0.468121,0.221517,43.048672,  spo   ,2009,10,21,27,36,41.06666667,291.149414,286.849518,86.847603,86.350021,101,6.338625,0.31268,5.65074,0.083416,8.321666667,6.005778423,7.98882009,0.31268
52,52,1022528,55124.80078,2009,10,20,19,13,7.3488,0.2808,126.937246,1.299232,130.120585,45.55298,129.792603,45.351724,0.396885,61.457249,60.233129,-9.362502,35.854044,118.038339,105.773304,125.498808,2.241606,312.380618,4.152543,1.369047,0.417249,0.797814,27.397136,145.922391,288.980583,1.601872,33.803503,128.989915,-17.279892,207.397136,0.080627,0.088518,0.048062,0.083709,0.089745,0.016427,0.006268,0.004257,0.197925,1.877194,0.028832,0.089745,0.080627,0.088518,-0.193051,-0.300825,50.518667,  spo   ,2009,10,21,28,13,7.5,312.82663,312.141663,87.464317,86.73954,1,4.887955,0.172003,3.538898,0.083416,5.34,4.526177256,4.978222256,0.172003
53,53,1022569,55124.80348,2009,10,20,19,17,0.22248,0.23712,107.711079,27.063005,121.698155,13.507129,120.967674,13.688392,0.091757,67.700029,66.706632,-15.103368,22.170789,121.553563,105.814005,249.024085,1.738373,275.5353,3.663352,2.682008,0.68913,0.833756,207.399817,171.386089,233.017452,4.392282,38.239917,105.770151,4.589379,207.399817,0.300396,0.275324,0.902655,0.170239,0.048762,0.057981,0.008614,0.006437,0.516405,2.166334,0.142461,0.048762,0.300396,0.275324,0.204744,0.080182,-35.641978,  spo   ,2009,10,21,28,17,0.366666667,270.888031,275.381531,86.909439,86.293037,1,7.495669,0.201404,6.107552,0.083417,8.501428571,7.07083092,8.076590491,0.201404
54,54,1022588,55124.80442,2009,10,20,19,18,22.05384,0.1872,95.952677,15.222184,177.72213,19.64476,176.742062,19.526702,0.133206,67.875938,66.957012,-5.662846,37.509789,118.967617,107.043984,190.647595,2.553367,231.958595,0.831086,11.068606,0.943477,0.625632,27.400759,163.454414,76.435174,36.824714,41.410198,95.801124,-8.096047,207.400759,0.152188,0.2079,0.405952,0.199595,0.084967,1.675875,0.008369,0.005873,0.468611,1.554773,8.449492,0.084967,0.152188,0.2079,0.375915,-0.141821,-38.686346,J5_Ori  ,2009,10,21,28,18,22.16666667,240.15802,269.793518,89.090141,89.171623,10,4.893406,0.339816,4.375067,0.15015,5.65625,4.514105192,5.276949192,0.339816
55,55,1022740,55124.81326,2009,10,20,19,31,5.58336,0.16848,131.296526,-2.363767,133.361526,48.352567,133.057297,48.16092,0.352756,67.352805,66.219425,-2.001173,36.08794,115.269493,107.655038,157.19488,4.444697,227.926486,1.955351,9.083371,0.911866,0.800558,27.409548,143.155037,306.105925,27.376037,41.196701,134.443776,-19.659083,207.409548,0.141195,0.152521,0.104307,0.128494,0.176034,1.736108,0.016069,0.00483,0.332312,1.746886,7.974331,0.176034,0.141195,0.152521,-0.281589,-0.342351,32.978093,  spo   ,2009,10,21,28,31,5.833333333,267.461365,275.524323,86.923759,86.319267,101,5.692146,0.211216,5.091476,0.083417,6.7,5.377033758,6.384887758,0.211216
56,56,1022780,55124.81514,2009,10,20,19,33,47.86704,0.30264,113.613812,46.60783,38.629894,16.07759,39.561433,16.16723,0.111851,66.953569,65.960017,-7.144787,37.124215,122.47531,103.054494,334.595022,0.648732,233.708276,2.850358,11.951169,0.922435,0.926997,207.411416,136.761381,211.082872,41.315743,41.482327,107.617794,24.603619,207.411416,0.354685,0.243869,0.618022,0.170597,0.057722,1.929999,0.012157,0.003614,0.408147,1.711734,10.123987,0.057722,0.354685,0.243869,0.161223,0.4265,-21.304989,  spo   ,2009,10,21,28,33,47.96666667,258.044159,249.444305,88.772316,88.450615,1,6.077195,0.183721,5.440117,0.083416,6.92,5.63681307,6.47961807,0.183721
57,57,1022834,55124.8181,2009,10,20,19,38,3.3732,0.23088,96.37431,17.094484,191.577122,18.069669,190.536362,17.888679,0.121839,68.060587,67.171702,-6.916277,37.08562,104.778243,90.006505,216.66391,2.756964,289.267604,1.435959,10.245591,0.938706,0.627996,27.414357,167.336574,76.263794,32.794839,41.332041,96.127681,-6.208054,207.414357,0.141242,0.212737,0.339855,0.197259,0.075466,1.285492,0.007645,0.004003,0.420707,1.144605,6.215977,0.075466,0.141242,0.212737,0.371695,-0.108775,-38.751729,J5_Ori  ,2009,10,21,28,35,3.5,256.78241,277.075134,88.388245,88.495872,10,4.736817,0.199197,4.124045,1.384714,6.19,4.63294661,6.08612961,0.199197
58,58,1022887,55124.82098,2009,10,20,19,42,12.8484,0.38376,41.387038,9.910876,260.513055,59.642462,260.35117,56.520842,2.689258,27.52061,25.529624,-14.631261,32.935411,100.478853,94.704592,276.332216,2.399634,66.497016,2.927438,1.465065,0.759841,0.351849,27.417229,6.27293,119.837779,1.773312,34.430922,42.023258,-5.804496,207.417229,0.220798,0.207418,0.157682,0.14208,0.102549,0.019744,0.0029,0.003664,0.202196,0.821306,0.035854,0.102549,0.220798,0.207418,1.289382,-0.106996,-46.025991,J5_nTa  ,2009,10,21,28,42,12.83333333,278.971161,5.394036,87.71032,89.240974,1,7.305251,0.26653,6.37726,0.216884,8.1725,7.292972651,8.160221651,0.26653
59,59,1022924,55124.82314,2009,10,20,19,45,19.6584,0.26208,94.794234,15.476264,200.095009,20.410976,199.19337,20.166415,0.140668,67.291753,66.417292,-6.700248,33.594219,121.524023,104.9482,263.804408,2.33717,330.22529,3.234112,9.502891,0.937972,0.58945,27.41938,163.509576,80.958344,29.294333,41.249565,94.6642,-7.884168,207.41938,0.208001,0.22215,0.444694,0.185046,0.079931,1.354164,0.008873,0.005042,0.441513,1.346188,6.31975,0.079931,0.208001,0.22215,0.396031,-0.138186,-39.384027,J5_Ori  ,2009,10,21,28,45,19.73333333,300.565796,310.097565,87.551079,87.383904,1,3.224671,0.348515,2.752394,0.166834,5.2075,2.799553217,4.782382217,0.348515
60,60,1023044,55124.83004,2009,10,20,19,55,15.21336,0.18408,94.516812,15.217942,206.877086,21.561985,206.064463,21.276835,0.148536,67.349354,66.493261,-7.009615,36.932179,117.66357,106.142279,263.563269,1.535788,341.073188,2.024468,11.415729,0.948632,0.586404,27.426236,162.920972,81.039273,38.570517,41.440286,94.402679,-8.151075,207.426236,0.512142,0.47789,1.061671,0.356562,0.16522,4.932269,0.019569,0.012613,0.942257,2.920917,26.806543,0.16522,0.512142,0.47789,0.400432,-0.142871,-39.168963,  spo   ,2009,10,21,28,55,15.23333333,333.582428,337.664154,88.030769,87.892326,1,4.596076,0.209948,3.70491,0.266934,5.838333333,4.242085717,5.48434305,0.209948
61,61,1023066,55124.83109,2009,10,20,19,56,46.05216,0.16536,94.657459,16.737419,209.176673,20.262391,208.331723,19.973365,0.140322,67.205313,66.345945,-9.09481,29.115568,102.416716,92.037456,270.173275,3.150646,310.28065,3.153614,8.537674,0.9323,0.578,27.427281,166.036774,82.491498,24.946484,41.120608,94.489805,-6.628043,207.427281,0.602958,0.617638,1.199457,0.489087,0.208776,3.231744,0.023392,0.015124,1.268265,3.475246,14.990097,0.208776,0.602958,0.617638,0.399975,-0.116205,-39.66235,J5_Ori  ,2009,10,21,28,56,46.03333333,273.175568,310.808502,86.784966,86.723183,1,4.342087,0.233295,3.698247,0.15015,5.597777778,4.286948058,5.542638836,0.233295
62,62,1023116,55124.83469,2009,10,20,20,1,57.27088,0.28704,95.701164,15.286627,208.154318,21.688438,207.358125,21.398413,0.147911,67.653363,66.805711,-3.695345,36.672258,124.420956,106.216893,282.501935,1.53645,359.629843,3.722542,10.405625,0.940748,0.616556,27.430864,163.47107,77.607485,33.566205,41.34856,95.553596,-8.041554,207.430864,0.188756,0.187436,0.369398,0.144996,0.066868,1.359642,0.007838,0.004704,0.369196,1.108001,6.627981,0.066868,0.188756,0.187436,0.380755,-0.140886,-38.910172,  spo   ,2009,10,21,29,1,57.36666667,335.109406,333.533905,87.8162,87.862755,1,5.64889,0.200039,99.9,3.787109,7.928333333,5.17364148,7.453084813,0.200039
63,63,1023148,55124.83646,2009,10,20,20,4,29.75776,0.16536,97.05054,15.160439,206.306072,21.537837,205.497196,21.259984,0.145331,68.047144,67.199239,-8.537882,23.368567,117.495912,106.914432,279.695261,3.478256,312.197382,3.829196,10.103856,0.935388,0.652833,27.432619,163.690037,73.280797,32.116686,41.317556,96.873037,-8.109529,207.432619,1.663005,1.609403,3.383485,1.236979,0.592687,54.112403,0.071809,0.041253,3.066877,10.237882,58.476609,0.592687,1.663005,1.609403,0.358019,-0.142,-38.304113,  spo   ,2009,10,21,29,4,29.8,298.385376,304.982208,86.37854,86.279503,1,5.579467,0.381738,5.209673,0.083416,6.34,5.225349447,5.985882447,0.381738
64,64,1023271,55124.84292,2009,10,20,20,13,48.2596,0.20904,112.624161,28.718979,152.99021,6.827951,150.643984,6.933991,0.043398,69.86558,68.955824,-15.922523,22.737553,109.09076,94.806438,307.496106,2.320774,314.067412,3.681105,4.556103,0.795388,0.932232,207.439048,167.818698,211.0878,9.725014,39.992877,109.863043,6.827623,207.439048,0.485741,0.346495,3.124405,0.192105,0.028465,0.148382,0.007996,0.006448,0.666794,3.172005,0.475484,0.028465,0.485741,0.346495,0.133839,0.119159,-22.151394,  spo   ,2009,10,21,29,13,48.36666667,309.829102,310.896942,87.019829,86.733292,1,6.014716,0.287035,5.459531,0.083417,6.648,5.823994344,6.457278344,0.287035
65,65,1023334,55124.84717,2009,10,20,20,19,55.46176,0.20592,138.650882,-5.675178,141.286109,48.366053,140.91522,48.106965,0.408069,62.707019,61.531988,3.433393,50.76991,102.247212,93.673167,158.423921,2.483066,306.954877,3.379305,3.633791,0.841361,0.576461,27.443275,135.533571,274.512025,6.926915,39.365484,142.955373,-20.623016,207.443275,0.024894,0.036131,0.007528,0.037751,0.045728,0.068314,0.002841,0.001217,0.096955,0.386077,0.195343,0.045728,0.024894,0.036131,-0.420373,-0.360144,42.122505,  spo   ,2009,10,21,29,19,55.56666667,296.424896,303.153076,88.050735,87.316132,101,3.730059,0.239315,3.779011,0.083416,4.8225,3.679761807,4.772202807,0.239315
66,66,1025484,55152.74101,2009,11,17,17,47,3.10304,0.35256,87.094529,23.401754,227.393691,15.921355,226.011793,15.255696,0.2917,41.447669,40.008799,-11.503411,32.086963,98.629959,84.6476,310.327311,1.911625,2.856186,3.239818,1.569041,0.972211,0.043602,55.379788,0.041962,159.903059,1.965402,35.440773,87.333706,-0.009366,235.379788,0.342265,0.31572,0.804324,0.227138,0.044531,0.036953,0.000878,0.002069,0.672445,178.880236,0.069449,0.044531,0.342265,0.31572,1.00463,-0.000173,-32.147526,J5_noO  ,2009,11,18,26,47,3.166666667,336.143188,3.073682,87.883156,86.854469,1,3.777638,0.262253,5.324638,0.233567,5.152666667,3.806384908,5.181413575,0.262253
67,67,1027525,55153.43005,2009,11,18,10,19,16.53456,0.36192,280.549652,-31.058114,232.992805,92.24099,231.950545,70.878183,20.93832,13.482136,8.128398,-10.737708,32.728157,85.79102,84.24561,294.658195,2.861487,356.170462,3.132572,1.694623,0.439488,0.949857,56.074915,1.809333,330.705575,2.206021,36.048662,279.111959,-7.953179,236.074915,12.520179,8.691337,1.851325,2.406938,1.493509,0.754695,0.215947,0.007442,1.211458,18.714591,1.573436,1.493509,12.520179,8.691337,-2.173519,-0.165679,23.557418,  spo   ,2009,11,18,19,19,16.4,305.591248,356.654816,87.387199,86.885727,1,6.769772,0.274773,7.869772,0.283617,7.655333333,7.09985363,7.985414963,0.274773
68,68,1027540,55153.47301,2009,11,18,11,21,7.8148,0.6084,25.213075,28.244311,105.159585,18.593722,104.164651,17.858492,1.827869,18.809912,15.04255,-27.775437,13.710169,102.403221,91.551191,315.732612,0.960951,294.355433,3.190673,2.505083,0.668613,0.830151,236.118255,6.865527,233.105234,3.964909,38.375061,33.74949,16.554149,236.118255,0.984459,0.836608,1.781096,0.59263,0.062916,0.120574,0.014098,0.005612,0.397971,2.391312,0.286443,0.062916,0.984459,0.836608,1.821069,0.325479,-35.615518,J5_And  ,2009,11,18,20,21,8.3,292.792145,291.886658,86.570129,85.652016,1,6.312551,0.272119,7.368519,0.25025,6.962,6.260677491,6.910126491,0.272119
69,69,1030707,55178.60718,2009,12,13,14,34,20.03968,0.19968,92.232412,25.154523,122.267806,16.348694,120.926108,16.389818,0.541429,31.212583,29.070361,-20.28585,18.256183,97.978784,92.004282,132.238959,3.626368,136.591892,2.808578,2.24742,0.839973,0.359647,261.582303,2.015719,292.969057,3.369196,38.082265,92.021533,1.732189,261.582303,0.968849,0.916023,2.59527,0.496825,0.08146,0.170748,0.007453,0.012088,1.074502,3.732097,0.384997,0.08146,0.968849,0.916023,1.36271,0.032153,-41.833313,  spo   ,2009,12,13,23,34,19.96666667,132.259705,135.504013,86.433952,86.876564,0,6.241422,0.247027,6.201781,0.183517,6.825454545,6.281409533,6.865442078,0.247027
70,70,1030713,55178.60924,2009,12,13,14,37,18.47248,0.37128,95.576714,25.886712,115.443453,17.77344,114.263078,17.670363,0.829401,26.513728,23.959153,-20.417707,20.132485,99.692704,90.406556,143.644502,3.565115,164.952549,2.490232,1.310512,0.711814,0.377672,261.584404,2.470102,298.831756,1.500243,34.051545,95.020595,2.545849,261.584404,0.449761,0.366502,0.655495,0.327491,0.048718,0.022368,0.001659,0.005548,0.347242,1.636091,0.038414,0.048718,0.449761,0.366502,1.312911,0.047031,-47.686151,  spo   ,2009,12,13,23,37,18.4,145.89537,158.970078,86.54985,87.249535,0,5.747039,0.2776,5.679694,0.316984,6.671176471,5.74951576,6.673653231,0.2776
71,71,1030728,55178.62001,2009,12,13,14,52,48.97504,0.28704,85.644382,32.896867,119.311982,3.862281,114.403602,4.40134,0.15161,28.635899,26.363607,-17.657359,31.425334,91.21504,83.655573,14.786065,1.050528,356.567683,1.27877,2.483443,0.809146,0.473975,261.595359,8.814846,279.169151,3.913644,38.586488,86.292776,9.514902,261.595359,0.192196,0.154565,1.376476,0.120246,0.004577,0.032301,0.001717,0.001994,0.134755,0.658411,0.076362,0.004577,0.192196,0.154565,1.441188,0.178019,-43.209811,  spo   ,2009,12,13,23,52,49.03333333,1.315756,348.856018,88.892548,88.65818,0,7.013911,0.287028,7.084382,0.183516,7.533333333,7.213213714,7.732636047,0.287028
72,72,1030762,55178.65381,2009,12,13,15,41,28.71864,0.30264,112.843723,32.02685,94.765591,16.061658,94.583522,16.256229,0.397447,35.941971,34.071235,-16.267937,29.672146,102.22714,91.757621,168.013936,1.46168,227.732918,2.14185,1.26713,0.890608,0.138614,261.629732,22.393331,325.478721,1.426369,33.699397,109.532314,10.124746,261.629732,0.590447,0.446844,1.209846,0.412149,0.076174,0.030105,0.003066,0.005855,1.002613,1.881154,0.050853,0.076174,0.590447,0.446844,1.060113,0.183132,-37.758687,J5_Gem  ,2009,12,13,24,41,28.73333333,205.959076,232.979584,88.379211,87.489662,0,6.855024,0.24822,6.735023,0.233567,7.492727273,6.806486253,7.444189526,0.24822
73,73,1030790,55178.6608,2009,12,13,15,51,32.75376,0.22776,112.753918,31.905198,97.577363,13.95709,97.250168,14.208173,0.339468,36.201345,34.358674,-18.538409,24.808992,103.279031,95.307462,232.223829,1.680361,250.000599,2.812327,1.291087,0.894313,0.136451,261.636844,22.447456,325.545244,1.467011,33.897451,109.475231,9.992668,261.636844,1.207478,0.869476,2.575167,0.854354,0.139512,0.064877,0.005738,0.011604,1.909923,3.803338,0.110761,0.139512,1.207478,0.869476,1.061518,0.180764,-37.504583,J5_Gem  ,2009,12,13,24,51,32.8,239.943298,245.241913,87.883522,87.497963,0,5.984909,0.244374,5.893127,0.15015,6.882222222,5.913914228,6.81122745,0.244374
74,74,1030849,55178.69336,2009,12,13,16,38,26.08488,0.28392,219.771313,48.701569,39.094209,76.698715,39.477074,75.42716,1.346702,45.899519,44.291997,-0.210297,36.199754,105.861998,102.540934,51.602761,4.320726,200.2721,2.850048,3.115512,0.696008,0.94709,261.669964,77.280854,155.178243,5.499133,39.542677,189.901258,59.006975,261.669964,0.368727,0.253321,0.225355,0.108998,0.356958,0.33718,0.032206,0.00245,0.578007,2.268443,0.897755,0.356958,0.368727,0.253321,-0.186421,0.987038,18.293273,J5_daD  ,2009,12,13,25,38,26.06666667,62.109016,73.159515,87.573257,88.323814,101,5.301357,0.30888,6.557044,0.083416,5.7,5.171476339,5.570119339,0.30888
75,75,1031103,55178.74375,2009,12,13,17,51,0.0668,0.24024,133.921103,7.317498,164.202594,28.38693,163.415619,28.20882,0.273247,57.448143,56.312931,-1.389982,41.043946,106.482856,94.420495,142.808141,4.016734,85.428887,1.631288,2.149803,0.928357,0.154019,81.721225,145.74237,138.779644,3.152084,37.839923,134.255116,-9.63147,261.721225,0.062598,0.099166,0.086639,0.090513,0.04928,0.029417,0.001272,0.001952,0.341204,0.583132,0.064697,0.04928,0.062598,0.099166,0.646446,-0.170176,-35.473398,J5_Hyd  ,2009,12,13,26,51,0.033333333,143.344727,93.950523,85.727036,88.266678,10,2.152413,0.191638,2.382001,0.216884,3.52,2.010674053,3.378261053,0.191638
76,76,1031104,55178.74381,2009,12,13,17,51,5.00264,0.17784,168.97636,31.283993,83.45999,35.556333,83.525405,35.557073,0.279516,64.069984,62.873964,0.750259,43.929617,103.662697,94.427728,72.758946,3.407184,329.075407,0.768298,2.720881,0.701486,0.81222,261.721283,134.233855,234.848566,4.488119,39.001257,156.97616,24.295126,261.721283,0.328064,0.22254,0.266039,0.240869,0.19488,0.180651,0.020316,0.008376,0.38587,3.422343,0.447903,0.19488,0.328064,0.22254,0.24204,0.42171,-35.706422,  spo   ,2009,12,13,26,51,5.033333333,68.194351,61.541153,87.809395,88.425568,0,4.091532,0.192346,3.424327,0.083416,6.49,4.009577756,6.408045756,0.192346
77,77,1031288,55178.77725,2009,12,13,18,39,14.67232,0.35256,173.217073,38.341294,72.530732,27.885415,72.754219,27.960081,0.224775,62.742738,61.579519,5.756263,42.06085,123.985804,104.433643,31.696583,2.001686,274.484331,4.21257,4.719196,0.816879,0.864185,261.755304,121.594242,223.249302,10.251846,40.784378,156.928943,32.161941,261.755304,0.109538,0.070672,0.137868,0.080709,0.04653,0.149333,0.006016,0.001788,0.144047,0.830284,0.486716,0.04653,0.109538,0.070672,0.229982,0.555065,-28.596038,  spo   ,2009,12,13,27,39,14.8,288.485077,277.270447,87.60305,86.49543,1,2.578844,0.203222,1.204184,0.116783,4.118,2.110658749,3.649814749,0.203222
78,78,1031388,55178.78411,2009,12,13,18,49,6.7048,0.33072,135.574677,67.662313,356.191545,32.957404,357.946936,31.061995,1.838976,24.44275,21.784885,-17.831219,16.961463,102.279671,95.505198,80.234549,3.006033,120.816693,3.801987,0.978938,0.4118,0.575811,261.762274,35.759978,295.02367,0.968574,30.386601,113.917929,47.97257,261.762274,1.379127,0.697787,0.81696,0.588329,0.151566,0.020761,0.010209,0.012013,0.489458,5.250625,0.030821,0.151566,1.379127,0.697787,0.728916,0.834281,-66.023201,  spo   ,2009,12,13,27,49,6.9,121.074112,133.791504,86.123093,85.154327,1,6.73643,0.418953,6.416808,0.183517,7.348333333,6.684493425,7.296396758,0.418953
79,79,1031394,55178.78431,2009,12,13,18,49,24.44512,0.23088,102.572008,7.400522,241.342576,44.749841,240.981421,43.631207,0.792504,42.872337,41.65382,-7.030607,21.711884,107.882111,100.730875,279.188842,6.448258,310.817217,4.559318,12.586703,0.984255,0.198173,81.762483,35.244121,127.600309,44.654782,42.242584,102.942456,-15.474445,261.762483,0.896977,0.888079,0.950173,0.568099,0.432266,52.154698,0.01324,0.011357,2.066604,3.693583,576.409158,0.432266,0.896977,0.888079,1.152059,-0.281687,-34.082576,  spo   ,2009,12,13,27,49,24.66666667,312.061829,313.768799,85.545044,85.561623,101,3.281006,0.167564,2.503413,0.116783,6.394,3.102477755,6.215471755,0.167564
80,80,1031411,55178.78526,2009,12,13,18,50,46.30456,0.18408,114.732716,30.153905,265.705392,22.942901,265.568783,21.789046,0.577568,35.496834,33.868072,-7.96445,27.587527,104.211511,98.155481,38.409989,2.850769,52.960922,4.115889,1.157609,0.898008,0.118067,261.763447,20.238127,329.325349,1.245498,32.671999,111.458385,8.53975,261.763447,1.185434,1.268075,2.901866,0.682721,0.169194,0.064629,0.007292,0.01305,3.015281,4.501133,0.104476,0.169194,1.185434,1.268075,1.033927,0.154206,-37.500951,J5_Gem  ,2009,12,13,27,50,46.33333333,45.841881,62.246876,86.845894,84.835197,1,3.878686,0.44387,3.795686,0.283617,5.097777778,3.786418587,5.005510365,0.44387
81,81,1031425,55178.78601,2009,12,13,18,51,50.84488,0.30576,81.415564,24.856841,276.373972,52.474528,276.496454,49.065832,2.838448,24.979682,22.700308,-17.661666,27.575626,98.774761,93.80466,250.66366,3.144903,167.616759,1.525773,2.120893,0.740438,0.550503,261.764206,1.246305,272.066594,3.088718,37.763544,82.212753,1.650589,261.764206,0.324333,0.28424,0.263554,0.190797,0.099173,0.052974,0.005687,0.004557,0.21713,1.158198,0.115767,0.099173,0.324333,0.28424,1.525349,0.03116,-45.007206,J5_Gem  ,2009,12,13,27,51,50.73333333,244.967102,183.937057,87.25798,88.509972,10,6.070968,0.413059,5.988967,0.316984,7.186,6.094465321,7.209497321,0.413059
82,82,1031510,55178.7915,2009,12,13,18,59,45.26272,0.0936,185.62745,12.466772,110.046758,43.982449,109.889183,43.903976,0.293638,70.063155,68.92335,0.575124,28.767365,111.990027,107.16568,102.633914,7.207849,99.253681,5.16083,4.513637,0.795508,0.923003,261.769792,155.690765,149.229739,9.589367,40.676189,180.116897,13.659192,261.769792,1.029838,0.899199,0.533344,0.966653,1.288364,4.025822,0.11932,0.020952,1.262597,12.666937,15.641045,1.288364,1.029838,0.899199,-0.140107,0.237977,21.579781,  spo   ,2009,12,13,27,59,45.4,96.495369,92.791138,86.603371,87.38665,10,3.941808,0.186769,2.653352,0.083416,4.7075,3.678683079,4.444375079,0.186769
83,83,1031811,55178.8288,2009,12,13,19,53,28.27648,0.19968,144.972088,28.208637,240.822958,12.351549,239.925899,11.920491,0.110774,58.858987,57.875356,-8.4006,23.917968,114.002245,102.474778,174.991223,3.569051,155.080504,3.609944,2.24129,0.886484,0.254423,261.807738,140.772975,305.313171,3.355422,38.069112,137.89763,13.444039,261.807738,0.917956,0.797946,2.644018,0.593393,0.132139,0.190905,0.013835,0.014237,2.148886,3.269214,0.430712,0.132139,0.917956,0.797946,0.579818,0.236671,-38.880614,  spo   ,2009,12,13,28,53,28.4,167.401123,142.554291,86.489998,86.225372,10,4.427536,0.363363,4.677115,0.183517,5.584545455,4.138753321,5.295762776,0.363363
84,84,1031827,55178.82967,2009,12,13,19,54,43.57768,0.18096,114.570391,31.561302,277.17691,35.816639,277.306105,34.4041,0.90629,35.655048,34.111889,-11.164919,25.509985,103.537287,98.016578,71.271901,2.288652,83.526741,4.444016,1.197613,0.894919,0.125846,261.808624,23.028434,327.85742,1.310613,33.073447,111.079565,9.903704,261.808624,1.651794,1.226815,1.59749,1.134665,0.479631,0.104284,0.010341,0.016979,3.852856,5.43427,0.171934,0.479631,1.651794,1.226815,1.03793,0.178853,-37.598588,  spo   ,2009,12,13,28,54,43.76666667,82.310631,84.376915,86.382942,85.856499,1,6.25708,0.319634,6.110769,0.083417,7.172,6.179863273,7.094783273,0.319634
85,85,1031865,55178.83145,2009,12,13,19,57,17.5372,0.27456,145.983911,30.553055,250.628214,11.108647,249.983038,10.690369,0.088713,62.306821,61.381312,-11.115004,28.044231,118.262402,101.395038,165.157339,2.343492,130.46561,3.122603,7.17738,0.95182,0.345806,261.810437,138.053707,289.284743,19.228654,41.590038,137.933892,15.948477,261.810437,0.463133,0.423108,1.786743,0.276556,0.057251,1.203952,0.008545,0.007085,1.001492,1.831141,4.903752,0.057251,0.463133,0.423108,0.574241,0.280469,-38.011808,  spo   ,2009,12,13,28,57,17.66666667,142.830582,136.988632,87.299049,87.12355,0,5.657468,0.469608,5.777812,0.083417,6.095,5.291417638,5.728949638,0.469608
86,86,1031927,55178.85634,2009,12,13,20,33,7.79768,0.22776,200.810859,1.033073,129.77211,46.09779,129.463629,45.91523,0.368733,64.187342,63.003271,-4.022302,35.791657,112.131774,101.948185,167.107468,4.065688,259.327966,3.555223,2.730129,0.845562,0.421636,261.835753,158.466635,75.654155,4.511021,39.016582,198.83184,9.081285,261.835753,0.072933,0.078509,0.048672,0.070729,0.083363,0.068997,0.003808,0.003392,0.159647,0.964955,0.171025,0.083363,0.072933,0.078509,-0.46315,0.159395,41.96108,  spo   ,2009,12,13,29,33,7.866666667,216.636978,229.949478,87.318886,87.241585,10,4.937229,0.188105,4.405213,0.083416,5.965,4.683113965,5.710884965,0.188105
87,87,1031994,55178.86075,2009,12,13,20,39,28.86512,0.25272,180.309589,16.869268,147.266529,20.727294,146.13441,20.670785,0.301088,46.706079,45.289347,-11.976026,27.301244,102.06375,91.410362,275.214343,1.866723,303.519397,4.201432,0.597666,0.648504,0.210077,261.84024,137.754571,1.763597,0.462048,18.102992,173.402551,15.563279,261.84024,0.443367,0.319664,1.131993,0.139515,0.041027,0.002619,0.006923,0.005058,0.984654,1.015568,0.003037,0.041027,0.443367,0.319664,-0.02406,0.270777,81.433281,  spo   ,2009,12,13,29,39,28.96666667,290.417908,306.454773,87.20768,84.902847,1,5.262301,0.184166,5.13406,0.183517,6.860909091,5.216790697,6.815398788,0.184166
88,88,1032011,55178.86223,2009,12,13,20,41,36.704,0.22464,180.259456,35.717524,81.329447,8.975425,81.668045,9.25422,0.07358,61.620908,60.551865,-8.325911,29.40567,113.583475,99.956439,80.583244,3.514713,80.092648,2.738613,2.7226,0.652809,0.945263,261.841745,122.096228,205.92645,4.492373,39.004754,164.259527,32.48536,261.841745,0.341265,0.315029,1.885151,0.264108,0.047158,0.13144,0.015884,0.004057,0.582487,2.582073,0.325789,0.047158,0.341265,0.315029,0.118449,0.559688,-19.324737,  spo   ,2009,12,13,29,41,36.7,81.987267,81.798996,86.72464,87.156662,0,4.251209,0.185334,4.082416,0.216884,5.733076923,3.97054505,5.452412973,0.185334
89,89,1032018,55178.86272,2009,12,13,20,42,18.56504,0.21528,161.311523,-28.249849,188.038595,63.574552,187.646962,63.001522,0.550264,63.095649,62.160252,1.408291,43.629304,115.096334,108.867613,199.943586,2.212042,0.742162,4.135886,4.10926,0.761817,0.978754,81.842237,122.61051,350.663143,8.330008,40.430959,175.15682,-33.129569,261.842237,0.084778,0.071619,0.074212,0.060849,0.128272,0.227578,0.013084,0.00039,0.188192,0.705787,0.693001,0.128272,0.084778,0.071619,-0.048348,-0.570267,6.937327,  spo   ,2009,12,13,29,42,18.6,349.561523,355.282745,88.292282,87.511559,1,4.175034,0.149788,4.163287,0.083416,5.23,3.868107818,4.923073818,0.149788
90,90,1032063,55178.86573,2009,12,13,20,46,38.75744,0.234,175.998013,33.559069,104.56742,4.667558,103.583605,4.962218,0.033725,65.50524,64.526975,-10.842678,28.65159,117.38833,102.149223,245.981194,1.988549,255.002372,2.91505,6.627592,0.860828,0.922376,261.845302,129.080409,210.252384,17.062146,41.463065,161.804641,28.950446,261.845302,0.217859,0.188801,1.769428,0.142282,0.014235,0.351571,0.00763,0.002139,0.245645,1.166676,1.358401,0.014235,0.217859,0.188801,0.160582,0.500367,-20.828853,  spo   ,2009,12,13,29,46,38.86666667,249.528702,254.720215,87.582649,86.936356,0,5.014728,0.185988,4.879321,0.116783,5.9625,4.665295285,5.613067285,0.185988
91,91,1032096,55178.86773,2009,12,13,20,49,31.65848,0.29016,163.489375,14.67277,201.145349,21.370575,200.319227,21.128837,0.136846,69.803359,68.967626,-3.7697,34.358317,125.749586,106.885015,134.117278,2.050567,56.769434,3.721014,4.171945,0.801505,0.828109,261.847337,166.925373,229.972174,8.52134,40.472304,159.16394,7.067907,261.847337,0.275245,0.252198,0.600556,0.195511,0.091773,0.245322,0.012442,0.005556,0.391454,2.046178,0.752757,0.091773,0.275245,0.252198,0.222484,0.123454,-32.085407,  spo   ,2009,12,13,29,49,31.83333333,66.936264,51.864422,87.0914,85.645096,1,4.695266,0.213984,4.491421,0.15015,6.123333333,4.196342204,5.624409537,0.213984
92,92,1032108,55178.8682,2009,12,13,20,50,12.19664,0.19032,152.250126,-0.274272,211.198223,39.454126,210.753279,39.047033,0.276355,67.745931,66.957025,-7.272999,40.567749,103.498787,93.553358,219.726503,2.914865,14.642632,1.813568,3.743009,0.809876,0.711636,81.847814,158.64165,67.617317,7.241545,40.160924,154.332862,-10.928872,261.847814,0.290912,0.307211,0.327463,0.239392,0.232021,0.403433,0.020174,0.00959,0.541055,3.265715,1.177197,0.232021,0.290912,0.307211,0.303663,-0.191024,-38.610014,  spo   ,2009,12,13,29,50,12.2,255.158737,327.79599,89.294006,89.44651,0,6.970875,0.215568,5.174402,0.083416,7.9375,6.893387425,7.860012425,0.215568
93,93,1032125,55178.86921,2009,12,13,20,51,39.49736,0.24024,112.148562,33.092608,285.926809,48.77353,286.152085,47.113738,1.257793,35.763062,34.28197,-2.140846,27.845869,97.729098,91.91721,258.781273,7.347828,236.63408,4.736424,1.345912,0.888024,0.15071,261.848842,23.727662,323.186639,1.561439,34.321518,108.775536,11.086931,261.848842,0.560561,0.448667,0.45974,0.348583,0.257475,0.052862,0.004762,0.007052,1.328782,2.006688,0.092074,0.257475,0.560561,0.448667,1.073699,0.200707,-37.858586,J5_Gem  ,2009,12,13,29,51,39.7,238.90802,231.31073,85.073593,85.542526,101,2.761358,0.161616,2.647825,0.116783,3.783333333,2.793332858,3.815308191,0.161616
94,94,1033197,55179.42816,2009,12,14,10,16,32.5936,0.28704,108.557811,24.715636,67.080822,79.528593,67.325662,77.276468,2.377491,35.651947,33.512905,-0.238427,35.371606,102.892424,100.615093,119.969131,4.132835,200.188594,4.580407,1.413081,0.892643,0.151704,262.417465,4.798674,322.513559,1.679772,34.792164,106.819108,2.354642,262.417465,0.226237,0.223364,0.192271,0.082518,0.228982,0.035698,0.003283,0.003233,0.510352,0.654787,0.063679,0.228982,0.226237,0.223364,1.131007,0.042835,-37.544898,  spo   ,2009,12,14,19,16,32.56666667,159.76236,154.368057,86.717316,86.728279,101,6.005505,0.249713,6.811426,2.569228,7.73,5.937934054,7.662429054,0.249713
95,95,1033202,55179.46295,2009,12,14,11,6,39.0048,0.32448,120.427712,36.783407,56.915629,72.538392,57.315206,70.073193,2.663945,31.752164,29.420004,-0.238418,42.491101,97.588764,93.753416,21.711914,4.027987,282.151832,3.453363,0.924153,0.815967,0.170075,262.452867,28.256865,327.24664,0.888414,29.466003,114.951257,15.943976,262.452867,1.684747,1.295172,0.950316,0.756005,1.218193,0.063075,0.025253,0.019126,3.601806,3.4863,0.091273,1.218193,1.684747,1.295172,0.965902,0.286199,-43.244088,J5_Gem  ,2009,12,14,20,6,39.06666667,304.778259,285.109802,87.383636,86.668251,101,4.026929,0.207073,3.548411,0.116783,5.378,4.074559431,5.425630431,0.207073
96,96,1033274,55179.63705,2009,12,14,15,17,20.68664,0.13104,150.593694,24.954355,82.765363,53.659543,82.82089,53.378862,0.498366,60.35498,59.011613,7.574624,51.031126,102.554644,97.798226,70.416752,3.714948,359.194081,0.842894,1.788308,0.814573,0.3316,262.629992,148.658715,298.501438,2.391462,36.692388,143.886332,12.123516,262.629992,0.279652,0.258514,0.242746,0.17918,0.265695,0.089352,0.007578,0.010585,0.762818,3.014587,0.179469,0.265695,0.279652,0.258514,0.494355,0.212854,-42.659862,  spo   ,2009,12,14,24,17,20.7,58.829357,44.183315,88.159851,88.793808,0,2.733272,0.363433,2.372844,0.083416,3.3975,2.673927733,3.338155733,0.363433
97,97,1033311,55179.67624,2009,12,14,16,13,47.46792,0.3744,113.843986,32.680522,100.455601,9.289302,99.810556,9.657715,0.216589,36.878038,35.100788,-15.198924,24.664878,102.904967,89.367674,221.253364,2.23507,241.694519,3.55053,1.36973,0.899132,0.138162,262.669874,24.963101,324.657485,1.603071,34.498208,110.274037,10.905412,262.669874,0.419416,0.446783,2.278104,0.249187,0.027381,0.020475,0.002103,0.004347,0.969554,1.404537,0.035955,0.027381,0.419416,0.446783,1.062969,0.197276,-37.139225,J5_Gem  ,2009,12,14,25,13,47.56666667,227.392242,245.317322,87.434174,85.940491,1,4.167736,0.28305,4.137932,1.317985,5.808076923,4.103901697,5.74424262,0.28305
98,98,1033312,55179.67658,2009,12,14,16,14,16.26552,0.46488,91.962503,35.493832,277.222746,9.116537,277.960236,7.858281,0.427478,26.220485,23.813549,-25.99462,18.414911,104.065348,92.08055,112.493788,1.253348,106.370363,2.422751,1.553611,0.707231,0.454849,262.670213,10.597795,287.366019,1.936482,35.624746,91.633833,12.066964,262.670213,0.482413,0.49039,3.278638,0.362464,0.023106,0.028148,0.003269,0.006525,0.462864,1.943002,0.052618,0.023106,0.482413,0.49039,1.363253,0.223962,-47.419771,  spo   ,2009,12,14,25,14,16.46666667,110.125244,107.873787,87.971313,87.521286,0,6.908113,0.264073,6.689782,0.15015,7.726,6.82106271,7.63894971,0.264073
99,99,1033660,55179.76037,2009,12,14,18,14,55.95216,0.19968,158.915015,12.025387,128.395876,32.484022,128.018331,32.477205,0.223191,68.190648,67.116357,-5.090195,35.702654,113.821812,102.359719,97.174371,3.640511,21.945414,2.161498,2.905948,0.758401,0.702073,262.755469,174.221457,250.415441,4.953725,39.281123,156.031791,2.93489,262.755469,0.064392,0.06102,0.102734,0.031825,0.024435,0.026947,0.002533,0.001763,0.127854,0.508995,0.068909,0.024435,0.064392,0.06102,0.293856,0.051332,-40.409085,  spo   ,2009,12,14,27,14,56,55.025497,32.396961,87.958206,88.006981,0,5.424437,0.301214,5.80283,0.083416,6.5075,5.138923246,6.221986246,0.301214
100,100,1033672,55179.7612,2009,12,14,18,16,7.3752,0.28704,188.210382,14.805484,98.04659,52.634633,97.984068,52.414561,0.429842,64.143938,62.86911,-6.236129,33.95846,117.951676,106.453038,97.171658,3.237692,278.668673,4.247207,1.548,0.433511,0.876925,262.756309,148.114924,129.73715,1.926001,35.595321,181.49857,16.820308,262.756309,0.162011,0.133973,0.083572,0.139207,0.201936,0.042771,0.015645,0.006224,0.220044,3.967113,0.079852,0.201936,0.162011,0.133973,-0.145198,0.292708,37.877761,  spo   ,2009,12,14,27,16,7.366666667,277.439728,277.472137,87.407341,86.666412,1,5.325107,0.173606,4.460738,1.951946,6.991666667,4.963117602,6.629677269,0.173606
101,101,1033725,55179.76424,2009,12,14,18,20,30.3912,0.19344,166.170439,-14.943044,143.658855,58.009413,143.360127,57.714664,0.395128,70.720741,69.646356,-0.870179,46.288055,103.169613,95.949875,132.207933,3.251482,334.496733,3.502128,12.922499,0.923843,0.984144,82.759407,147.235394,358.518239,46.45364,42.271347,173.352997,-19.174438,262.759407,0.059102,0.087659,0.013413,0.09176,0.178786,3.164039,0.017635,6.20E-05,0.161978,0.596167,17.502139,0.178786,0.059102,0.087659,-0.007535,-0.33311,1.058337,  spo   ,2009,12,14,27,20,30.36666667,132.876129,125.073303,86.721123,88.132042,101,5.774949,0.186802,5.663251,0.083416,6.402,5.703691548,6.330742548,0.186802
102,102,1034258,55179.83869,2009,12,14,20,7,42.62912,0.24648,156.995605,32.80294,244.016226,4.466784,241.915659,4.129319,0.032953,64.784664,63.853568,1.063347,43.98016,115.265697,99.377643,177.918306,1.934504,161.494118,2.036433,12.88518,0.954915,0.580927,262.835155,134.38383,260.732545,46.252554,42.2694,146.255127,21.493482,262.835155,0.123351,0.10592,1.099215,0.072689,0.005982,0.644131,0.002403,0.002244,0.200124,0.446819,3.4719,0.005982,0.123351,0.10592,0.440618,0.375381,-38.345441,J5_Com  ,2009,12,14,29,7,42.56666667,179.720154,150.214691,88.042244,87.733513,0,2.232373,0.300809,2.277262,0.383717,4.376956522,1.922634653,4.067218175,0.300809
103,103,1034438,55179.84873,2009,12,14,20,22,9.95168,0.20592,184.833789,29.886455,101.444736,17.111109,101.218027,17.304016,0.123529,65.840281,64.784933,-8.198598,36.381931,116.14221,103.177962,79.600471,2.197208,17.427275,0.915203,5.437854,0.819303,0.982604,262.845369,129.919064,185.004291,12.680645,41.103955,171.367158,29.09308,262.845369,0.291236,0.223354,0.523558,0.207239,0.074969,0.362129,0.011952,0.000521,0.291133,1.544297,1.269267,0.074969,0.291236,0.223354,0.025571,0.50232,-3.670721,  spo   ,2009,12,14,29,22,10,49.455597,26.863993,88.960938,89.13446,0,5.256055,0.226128,5.300543,0.083416,6.092,4.929507487,5.765452487,0.226128
104,104,1034515,55179.85276,2009,12,14,20,27,58.37456,0.27456,177.067709,22.450768,141.590263,15.275247,140.638859,15.370889,0.099263,69.21595,68.257102,-11.134247,26.793886,125.701868,107.448334,238.730404,1.720263,286.923066,3.592941,5.601144,0.827783,0.964613,262.849472,146.298855,197.08846,13.256081,41.163559,168.054212,19.364386,262.849472,0.059118,0.072281,0.043682,0.078946,0.026054,0.127923,0.004014,0.000627,0.095792,0.55743,0.454096,0.026054,0.059118,0.072281,0.082472,0.336433,-12.315137,  spo   ,2009,12,14,29,27,58.56666667,280.139435,289.910339,86.951767,85.928291,1,5.472118,0.27171,5.263681,0.116783,6.19625,4.974430452,5.698562452,0.27171
105,105,1041424,55266.47292,2010,3,11,11,21,0.2536,0.39936,181.312946,25.480037,80.533848,56.181415,80.742074,52.40676,4.397478,21.606518,18.180685,-18.522001,28.798937,97.107773,91.776247,66.131397,1.870461,272.904145,2.367736,1.518166,0.555599,0.674674,350.634097,13.714899,264.166727,1.870591,34.870691,170.431531,23.761414,350.634097,0.517397,0.404854,0.304193,0.293046,0.145656,0.034998,0.009446,0.005445,0.292668,2.02786,0.0647,0.145656,0.517397,0.404854,1.431428,0.444251,-50.496666,  spo   ,2010,3,11,20,21,0.466666667,270.942719,267.277985,87.57592,85.985786,1,6.637301,0.1848,6.949301,0.15015,7.358571429,6.699873708,7.421144137,0.1848
106,106,1041991,55266.76147,2010,3,11,18,16,31.1532,0.22464,263.444066,13.230391,107.541907,45.033949,107.381685,44.869276,0.417198,59.649978,58.34401,-0.715821,41.153774,114.017684,104.502797,77.81002,3.607069,335.647072,2.602815,2.857345,0.652878,0.991847,350.9223,116.02874,174.734599,4.829965,38.635821,262.053993,36.487708,350.9223,0.138483,0.125151,0.097198,0.113614,0.119679,0.115429,0.01394,0.000344,0.242828,1.139962,0.292884,0.119679,0.138483,0.125151,-0.014549,0.626126,4.1092,  spo   ,2010,3,11,27,16,31.13333333,62.433037,51.797863,87.540009,87.872887,1,2.957752,0.261759,2.59832,0.083416,3.96,2.668584914,3.670832914,0.261759
107,107,1042077,55266.78121,2010,3,11,18,44,56.69184,0.19656,248.183872,13.958047,131.863,28.478113,131.339495,28.468106,0.255941,59.495,58.3107,-3.352744,39.88128,113.009049,102.751914,172.650646,2.647244,245.351918,2.100747,3.714461,0.768919,0.858342,350.942014,114.537915,226.60568,7.158858,39.562414,243.729775,35.427681,350.942014,0.054714,0.053556,0.076005,0.038592,0.021881,0.053355,0.003161,0.001047,0.088772,0.397021,0.154252,0.021881,0.054714,0.053556,0.258885,0.610088,-31.268189,  spo   ,2010,3,11,27,44,56.73333333,201.33905,217.572556,88.007591,88.087074,0,4.266065,0.162327,4.480115,0.083416,4.8325,3.998180322,4.564615322,0.162327
108,108,1042188,55266.79803,2010,3,11,19,9,9.3772,0.234,247.854358,39.182519,65.748032,12.752129,67.601718,12.790963,0.848767,22.385861,19.347131,-20.526643,19.727033,99.322937,94.122395,64.308615,2.970628,63.363734,2.436727,0.847798,0.221259,0.660215,350.958806,38.187111,328.394715,0.780618,27.351912,234.352128,59.909551,350.958806,4.352094,3.594763,12.803421,2.631564,0.263526,0.055838,0.067992,0.097058,1.407277,28.562299,0.077404,0.263526,4.352094,3.594763,0.268984,1.003187,-105.32658,  spo   ,2010,3,11,28,9,9.466666667,65.897507,66.818291,87.304855,87.827026,0,6.095078,0.537746,6.129078,0.25025,6.873846154,6.106910318,6.885678472,0.537746
109,109,1042224,55266.80561,2010,3,11,19,20,5.05144,0.1248,190.709182,-15.3146,228.225864,65.78,227.803238,64.07647,1.517302,38.779605,37.425496,-8.472195,36.462087,99.654773,97.513378,131.481274,1.623662,78.956144,3.184421,1.906462,0.925378,0.142265,170.966384,23.929115,141.509028,2.632342,36.551331,195.874027,-9.848217,350.966384,1.251661,1.181365,0.988054,0.70599,0.942119,0.362926,0.013844,0.019816,3.544109,5.491288,0.765332,0.942119,1.251661,1.181365,1.11052,-0.178818,-35.968101,  spo   ,2010,3,11,28,20,4.933333333,163.165924,132.806595,88.226563,88.360756,101,4.989953,0.194305,4.746263,0.083416,6.1625,4.996590455,6.169137455,0.194305
110,110,1042365,55266.83065,2010,3,11,19,56,8.09128,0.16224,263.688243,-29.790379,162.06951,67.099171,161.751873,66.688574,0.44873,72.414366,71.446702,17.657869,63.635596,110.080567,105.396221,164.321352,2.444959,339.785094,3.33432,19.675114,0.950184,0.98014,170.991387,168.860139,346.496693,87.272195,41.965836,264.489858,-6.473054,350.991387,0.042989,0.100492,0.009372,0.0977,0.284263,15.459224,0.02728,0.000541,0.20247,0.732241,121.467135,0.284263,0.042989,0.100492,-0.058212,-0.112931,9.606549,  spo   ,2010,3,11,28,56,8.066666667,337.398163,338.416107,87.680534,86.815643,101,-0.048488,0.194666,-0.336895,0.083416,1.5875,-0.25901896,1.37696904,0.194666
111,111,1042372,55266.83407,2010,3,11,20,1,3.41496,0.27144,223.643523,29.980621,261.619977,19.32572,261.392544,18.594128,0.282932,46.263463,45.03991,-12.007353,28.647287,111.310177,99.528095,5.769945,1.853799,45.974149,3.466124,8.83231,0.930133,0.61709,350.994801,72.349902,257.656883,26.248919,41.293168,209.159332,44.128003,350.994801,0.482749,0.415621,0.997269,0.319829,0.086565,2.066784,0.01546,0.009796,0.565968,2.860155,9.439066,0.086565,0.482749,0.415621,0.69367,0.767672,-39.006738,  spo   ,2010,3,11,29,1,3.5,33.748756,40.321426,87.551483,87.186623,0,5.909268,0.526632,5.892268,0.116783,6.325714286,5.675456844,6.09190313,0.526632
112,112,1060805,55420.74263,2010,8,12,17,49,22.94936,0.19344,27.696756,-4.157108,146.098105,44.675483,145.697785,44.472439,0.338651,65.755228,64.657313,13.624883,47.151301,110.110637,101.063869,104.993455,4.749606,37.235957,3.563299,-21.760767,1.026886,0.585055,319.76948,149.074722,80.454452,,41.743071,24.178959,-14.530619,139.76948,0.035198,0.048714,0.021749,0.04588,0.052785,2.889591,0.003571,0.00176,0.120987,0.535785,,0.052785,0.035198,0.048714,0.43745,-0.254485,-38.567749,  spo   ,2010,8,13,2,49,22.93333333,41.041389,49.007706,86.610939,86.719704,101,0.172604,0.246696,0.201477,0.183516,2.38,-0.044011888,2.163384112,0.246696
113,113,1065812,55452.64102,2010,9,13,15,23,3.7556,0.12792,342.054277,-5.417879,205.431227,43.427695,203.89916,39.533913,3.547447,20.530644,17.385421,-20.803467,27.325126,94.69435,92.622951,176.212336,1.190548,118.363087,0.566986,2.286714,0.685677,0.718768,170.589685,1.088936,252.671955,3.457942,36.836692,341.386278,2.027461,170.589685,1.672686,1.697336,1.864225,1.111312,0.340192,0.29073,0.034837,0.020395,1.012198,6.243457,0.665037,0.340192,1.672686,1.697336,1.679387,0.039005,-44.109596,  spo   ,2010,9,13,24,23,3.8,10.353318,0.694414,87.443314,86.776917,1,4.740062,0.200689,4.312037,0.133466,5.9985,4.857972846,6.116410846,0.200689
114,114,1065821,55452.64399,2010,9,13,15,27,20.77496,0.48048,350.301759,43.049058,319.3594,11.32325,323.64742,9.973638,0.739137,22.483969,19.590918,-19.532708,26.928605,86.894367,76.31037,338.05156,2.199687,354.685609,1.208072,1.112549,0.456875,0.604253,170.592581,28.65504,285.884371,1.173488,30.871207,12.414842,42.47494,170.592581,0.144563,0.105878,0.380699,0.07376,0.005127,0.002891,0.000934,0.00168,0.059759,0.598664,0.004573,0.005127,0.144563,0.105878,0.923159,0.752579,-62.291484,  spo   ,2010,9,13,24,27,20.83333333,117.487236,34.814266,89.504196,87.358589,0,6.057243,0.212709,5.253368,0.333667,6.795454545,6.36068419,7.098895735,0.212709
115,115,1065829,55452.64721,2010,9,13,15,31,58.8044,0.39936,356.897627,3.494204,188.864785,31.655049,187.203906,30.051885,1.502046,26.364744,23.939957,-20.611802,24.719295,99.962318,90.93234,154.596243,3.270287,90.428723,1.9506,1.878838,0.756786,0.456959,170.595714,4.033548,285.489831,2.575336,35.691246,358.544731,4.439445,170.595714,0.311921,0.357206,0.52829,0.304714,0.082495,0.053748,0.004982,0.006008,0.394141,1.6591,0.110562,0.082495,0.311921,0.357206,1.400799,0.082724,-46.78432,  spo   ,2010,9,13,24,31,58.83333333,339.526215,13.267529,88.171982,89.227882,0,6.654448,0.194562,5.558,0.417084,7.558,6.651727358,7.555279358,0.194562
116,116,1065932,55452.66935,2010,9,13,16,3,51.77632,0.25896,42.756095,52.499786,42.802337,29.376109,43.353475,29.336451,0.260455,59.943783,58.775438,-2.84621,33.757196,109.204464,95.629388,87.008268,3.923858,153.868432,3.287605,29.40413,0.973658,0.774571,170.617273,114.351195,237.758911,159.445589,41.351357,57.243285,34.298885,170.617273,0.747011,0.451301,0.687695,0.344338,0.206538,124.432192,0.030718,0.011994,0.789022,3.787669,314.538994,0.206538,0.747011,0.451301,0.354128,0.592561,-34.173335,  spo   ,2010,9,13,25,3,51.8,28.178453,39.136425,88.415138,88.190582,1,3.514715,0.229804,2.712975,0.183517,5.381666667,3.318416855,5.185368522,0.229804
117,117,1065993,55452.68204,2010,9,13,16,22,8.15992,0.17784,57.910304,17.771525,102.217296,42.366305,102.085584,42.179788,0.487328,53.518807,52.093836,-10.369634,38.525405,94.287827,87.443266,88.221273,2.868887,316.790454,1.303466,0.868127,0.71633,0.246262,350.62963,173.606015,144.052129,0.808863,27.047867,59.581067,-2.342081,170.62963,0.425883,0.308727,0.144987,0.406719,0.348272,0.021179,0.012797,0.01372,1.035228,2.783523,0.029611,0.348272,0.425883,0.308727,0.36917,-0.041051,-51.539676,  spo   ,2010,9,13,25,22,8.066666667,99.841049,129.240555,86.706039,87.125313,10,4.482769,0.187814,3.782221,0.15015,5.075,4.607767616,5.199998616,0.187814
118,118,1066111,55452.70026,2010,9,13,16,48,22.59304,0.24336,18.196219,30.290878,205.937415,5.044191,198.802089,4.667691,0.134336,34.489347,32.663017,-19.686723,30.210686,95.679952,87.512899,210.354963,0.334586,340.050166,0.116744,0.985279,0.839702,0.157938,170.647374,47.110092,327.884277,0.978,29.180004,28.641762,20.825523,170.647374,0.495926,0.430251,4.076866,0.335518,0.016999,0.014876,0.004592,0.005187,0.642904,1.304089,0.022157,0.016999,0.495926,0.430251,0.856809,0.370718,-43.012617,  spo   ,2010,9,13,25,48,22.63333333,93.10527,91.781937,85.577942,86.157829,0,6.480159,0.320798,5.823691,0.083416,7.567,6.576017231,7.662858231,0.320798
119,119,1066221,55452.71801,2010,9,13,17,13,56.1816,0.1404,115.029351,46.048812,50.293185,64.358374,50.539991,63.909387,0.567337,62.940776,61.682453,8.374246,49.730071,112.461071,108.552422,12.345886,3.352543,286.060267,2.606388,48.145466,0.987405,0.606393,170.664657,128.351524,101.557347,334.066624,41.492019,108.784196,24.229688,170.664657,0.336565,0.272602,0.256388,0.142255,0.326399,269.669092,0.024197,0.010526,0.67248,3.395524,1968.862079,0.326399,0.336565,0.272602,-0.45406,0.422741,38.719449,  spo   ,2010,9,13,26,13,56.2,233.758453,348.198761,89.752464,89.715996,101,2.266149,0.199268,-0.216168,0.25025,3.0275,2.0074185,2.7687695,0.199268
120,120,1066251,55452.72174,2010,9,13,17,19,18.48072,0.29328,63.205222,12.939527,116.315103,38.219555,116.074448,38.176994,0.278804,66.553723,65.405544,-7.271261,35.968287,121.787996,106.322533,107.005942,1.792926,300.245358,4.439278,3.750375,0.807058,0.723605,350.668289,164.129292,68.204885,7.262934,38.81246,63.656215,-8.081637,170.668289,0.082563,0.07787,0.068309,0.068556,0.061887,0.097837,0.005235,0.003009,0.167654,0.93048,0.284276,0.061887,0.082563,0.07787,0.296981,-0.141328,-40.122234,  spo   ,2010,9,13,26,19,18.66666667,4.572464,351.63916,87.048134,87.516762,1,5.156638,0.188826,3.733778,0.083416,6.395,4.727552232,5.965914232,0.188826
121,121,1066287,55452.72789,2010,9,13,17,28,9.57648,0.33072,2.039874,-5.591823,219.555482,48.652659,218.677233,46.063348,2.231782,27.048578,24.857244,-7.00896,26.229966,102.914878,96.649819,150.11625,3.586032,94.366796,4.2983,1.931669,0.774412,0.435761,350.674275,5.710055,107.39188,2.684721,35.87056,359.639685,-5.940286,170.674275,0.581195,0.565064,0.576084,0.354659,0.173754,0.090543,0.008359,0.009381,0.567253,2.407092,0.188986,0.173754,0.581195,0.565064,1.381631,-0.110467,-46.086093,J5_sTa  ,2010,9,13,26,28,9.7,301.896851,300.868805,87.302841,86.618332,1,4.480297,0.260806,3.853642,0.083416,5.737272727,4.413650285,5.670626012,0.260806
122,122,1066689,55452.77103,2010,9,13,18,30,16.72384,0.13104,73.349381,41.039556,65.679639,22.060546,66.237234,22.11741,0.376023,43.312476,41.724631,-18.244882,23.616269,87.03236,82.325658,35.663285,3.456798,20.160303,2.585813,0.599965,0.690653,0.185597,170.716282,127.071583,355.092996,0.464717,16.764365,76.837626,18.359419,170.716282,2.697604,1.934039,4.482732,1.804349,0.566424,0.01905,0.0488,0.033642,5.001956,5.554423,0.022155,0.566424,2.697604,1.934039,0.067573,0.319116,-75.775554,  spo   ,2010,9,13,27,30,16.53333333,111.221947,112.162437,86.279396,86.231934,10,4.406276,0.269264,3.647219,0.116783,5.347857143,4.703917707,5.64549885,0.269264
123,123,1066724,55452.77377,2010,9,13,18,34,13.85008,0.21216,97.520143,27.872926,84.946978,42.955798,84.989578,42.866295,0.34184,64.227073,62.993645,-6.354621,41.225971,98.811105,88.89282,99.847441,3.965738,230.752565,2.010877,1.810293,0.6147,0.697506,170.718954,170.66523,101.203778,2.435697,35.445318,96.665162,4.608843,170.718954,0.296779,0.186888,0.149457,0.236576,0.24813,0.081751,0.017447,0.012876,0.372068,4.231624,0.16515,0.24813,0.296779,0.186888,-0.274821,0.080605,47.893908,  spo   ,2010,9,13,27,34,13.83333333,47.728031,22.31595,85.508911,87.334915,10,3.967336,0.227925,3.828972,0.216884,4.7925,3.98810158,4.81326558,0.227925
124,124,1067092,55452.80451,2010,9,13,19,18,29.57312,0.1248,84.410803,48.06946,47.572266,23.317853,48.131265,23.380084,0.162809,67.208045,66.169305,-13.08185,33.690109,105.058242,97.428577,10.279048,1.134982,265.135288,1.249472,26.558903,0.962672,0.991388,170.748885,137.593674,165.978991,136.872183,41.315021,85.891641,24.711234,170.748885,0.780434,0.51761,0.968062,0.393268,0.200085,396.007848,0.035775,0.003806,0.887774,3.810499,11408.62447,0.200085,0.780434,0.51761,-0.081063,0.428056,10.122594,  spo   ,2010,9,13,28,18,29.5,228.799286,228.799286,85.382217,85.382217,0,2.789475,0.235605,2.241841,,4.8425,2.681898279,4.734923279,0.235605
125,125,1067308,55452.81923,2010,9,13,19,39,41.67824,0.25272,81.473812,11.096544,141.660333,28.681027,141.146468,28.671853,0.181282,70.79543,69.803483,0.937494,35.698746,117.202256,101.352957,197.223113,3.486918,268.238347,4.177575,28.470702,0.964665,1.006005,350.763223,159.291726,358.959674,151.913816,41.342037,81.443251,-12.088473,170.763223,0.051405,0.047092,0.08404,0.029915,0.02022,2.204996,0.002732,2.70E-05,0.080665,0.345523,17.677483,0.02022,0.051405,0.047092,-0.009115,-0.210594,0.75988,  spo   ,2010,9,13,28,39,41.76666667,29.71323,8.732684,87.660141,88.805931,1,2.925422,0.193422,1.404106,0.183517,3.8125,2.576718395,3.463796395,0.193422
126,126,1101816,55544.52907,2010,12,14,12,41,51.69768,0.16848,114.184336,32.553029,72.805108,52.924556,73.029819,51.908199,1.37667,36.363267,34.320371,-2.158336,44.786862,98.436395,94.656745,58.947074,3.370425,13.132941,0.986776,1.26438,0.891694,0.13694,262.261875,24.354938,325.723572,1.421728,33.680002,110.58336,10.827036,262.261875,0.36821,0.276848,0.244383,0.232137,0.196926,0.03031,0.00365,0.004269,0.756653,1.067888,0.051143,0.196926,0.36821,0.276848,1.05151,0.195693,-37.691203,J5_Gem  ,2010,12,14,21,41,51.66666667,23.108231,224.77739,86.438629,88.489906,1,3.95841,0.198548,1.678061,0.467134,5.196,3.988872267,5.226462267,0.198548
127,127,1101832,55544.54965,2010,12,14,13,11,30.04864,0.35568,112.680873,31.653499,77.425806,46.142915,77.60942,45.373459,1.191249,36.168569,34.139458,-3.958474,44.539232,99.785294,90.742452,76.579504,2.674305,258.745452,2.669287,1.310855,0.89122,0.142595,262.282806,21.216265,324.552915,1.500831,34.058537,109.452816,9.734488,262.282806,0.367455,0.202593,0.150484,0.27224,0.175035,0.032764,0.003168,0.004318,0.515212,1.165308,0.056286,0.175035,0.367455,0.202593,1.073395,0.176257,-37.676591,J5_Gem  ,2010,12,14,22,11,30.06666667,56.671635,44.039555,87.14193,88.288605,1,2.538923,0.186402,1.722192,0.116783,2.7925,2.541224054,2.794801054,0.186402
128,128,1101930,55544.62923,2010,12,14,15,6,5.12872,0.19968,198.783235,52.836823,35.1539,74.858838,35.591385,73.437134,1.505619,42.716217,41.026217,6.79642,33.809258,108.901051,106.48464,57.357363,7.801388,79.669688,4.271249,1.285372,0.246439,0.968606,262.363729,79.373023,203.198942,1.457281,33.855461,166.38522,53.95285,262.363729,1.535969,0.963,0.869194,0.397657,1.293896,0.174003,0.097626,0.009267,2.388194,21.174087,0.298928,1.293896,1.535969,0.963,0.070649,0.907485,-20.316353,J5_daD  ,2010,12,14,24,6,5.333333333,73.645576,75.1632,85.783287,85.87027,101,2.049642,0.235094,1.815178,0.083417,2.7325,1.84429011,2.52714811,0.235094
129,129,1101995,55544.65759,2010,12,14,15,46,55.97608,0.27768,115.166027,31.508249,96.376909,16.372501,96.139529,16.558251,0.398773,36.234749,34.376428,-16.749772,22.872046,98.977222,89.389935,140.014055,3.507882,166.877146,2.857622,1.216791,0.897515,0.124703,262.392576,23.394127,327.816599,1.342222,33.258377,111.596614,9.93775,262.392576,1.166789,0.783954,1.901393,0.846467,0.163695,0.057456,0.006138,0.010904,1.863379,3.605269,0.095204,0.163695,1.166789,0.783954,1.039155,0.179481,-37.402546,J5_Gem  ,2010,12,14,24,46,55.96666667,118.963547,132.355087,86.87719,86.823746,0,6.597549,0.553032,6.54346,0.083416,7.22375,6.615800392,7.242001392,0.553032
130,130,1102049,55544.67616,2010,12,14,16,13,39.85896,0.31824,102.30975,16.72148,181.209451,18.135925,179.478623,17.808869,0.324771,41.986372,40.49349,-12.301281,31.779817,111.477303,98.755957,356.649404,0.477615,358.960031,2.92871,8.975664,0.981968,0.161852,82.411455,14.586399,133.352766,26.890562,41.899493,101.852171,-6.211381,262.411455,0.124601,0.157645,0.37662,0.153004,0.035764,0.655524,0.00123,0.002037,0.413226,0.679371,2.952956,0.035764,0.124601,0.157645,1.209187,-0.113721,-33.19864,J5_noO  ,2010,12,14,25,13,40.03333333,149.839584,152.175003,86.867744,86.924019,1,4.076206,0.637163,3.330567,0.233566,4.945,3.840198288,4.708992288,0.637163
131,131,1102080,55544.68323,2010,12,14,16,23,51.14808,0.34632,114.644407,32.276332,105.613542,8.22663,104.508236,8.61564,0.20369,35.805165,33.981536,-10.678968,36.642916,100.746651,88.561799,245.366605,0.624236,270.108597,1.800285,1.225122,0.889101,0.135865,262.418649,23.729231,326.249134,1.356028,33.335247,111.020198,10.619229,262.418649,0.084409,0.074629,0.388612,0.052921,0.005004,0.003431,0.000413,0.000757,0.148954,0.244145,0.005696,0.005004,0.084409,0.074629,1.047381,0.191893,-37.900719,J5_Gem  ,2010,12,14,25,23,51.2,356.057251,357.012634,88.455841,87.939781,0,1.679837,0.577407,1.202969,0.15015,3.816969697,1.663555028,3.800687725,0.577407
132,132,1102100,55544.68791,2010,12,14,16,30,35.75904,0.234,151.064129,-1.013794,121.4034,54.61656,121.192248,54.376549,0.404671,67.489606,66.298581,3.784115,43.346649,114.003629,104.734122,154.150434,3.513183,272.292107,4.297324,3.664705,0.815539,0.675997,82.423412,156.013916,72.382708,7.0155,40.099528,153.472096,-12.043181,262.423412,0.071362,0.072203,0.03555,0.070334,0.115154,0.158027,0.007852,0.003756,0.13059,1.276499,0.454221,0.115154,0.071362,0.072203,0.327558,-0.21055,-39.75109,  spo   ,2010,12,14,25,30,35.83333333,254.198502,275.029205,89.179207,86.916176,1,3.628963,0.215593,2.987356,0.550551,5.13,3.340284987,4.841321987,0.215593
133,133,1102431,55544.73409,2010,12,14,17,37,5.1136,0.12168,101.913407,10.198918,224.054981,31.647431,223.294069,30.730283,0.598355,41.1015,39.715561,-20.9691,24.594027,103.856038,99.59764,146.026896,1.366669,92.90852,1.827139,6.600034,0.969421,0.201824,82.470369,26.896257,127.952172,16.955839,41.460087,102.022866,-12.743141,262.470369,2.791126,2.740449,3.78627,1.919142,0.837472,22.927935,0.031188,0.04072,6.062886,13.064536,21.039191,0.837472,2.791126,2.740449,1.189552,-0.232773,-34.694778,J5_Gem  ,2010,12,14,26,37,5.233333333,61.108784,31.298147,88.68174,88.532509,1,5.224226,0.201655,5.115657,0.083416,6.238333333,5.141449448,6.155556781,0.201655
134,134,1102468,55544.73957,2010,12,14,17,44,58.61728,0.42432,71.651602,22.540715,270.333784,48.354109,270.332232,42.850032,4.659496,18.943956,15.668033,-22.743333,22.005459,91.618934,85.768803,207.147076,2.397949,132.130174,3.434001,1.697384,0.573336,0.724213,262.475942,0.08267,254.048268,2.211414,36.316306,73.097276,0.173002,262.475942,0.982559,0.741764,0.57732,0.621513,0.189303,0.065453,0.014689,0.009863,0.19804,177.387706,0.128021,0.189303,0.982559,0.741764,1.683125,0.003318,-46.063974,J5_nTa  ,2010,12,14,26,44,58.8,77.307899,71.938049,87.332298,86.903435,1,4.251814,0.635752,3.483164,0.266933,4.892,4.439985498,5.080171498,0.635752
135,135,1102547,55544.74812,2010,12,14,17,57,17.82952,0.234,103.646999,20.610752,243.789246,26.272772,243.152902,25.156041,0.627759,36.500207,34.924381,-11.178171,36.109622,98.298942,90.574744,166.451926,0.862867,86.819431,2.269039,2.054671,0.910696,0.18349,82.484643,4.274065,134.988059,2.94519,37.583661,102.76802,-2.224306,262.484643,0.542594,0.49258,0.717299,0.387341,0.116284,0.108194,0.002424,0.006782,0.962532,2.189678,0.232983,0.116284,0.542594,0.49258,1.200007,-0.040704,-36.783768,  spo   ,2010,12,14,26,57,17.96666667,128.974716,122.406334,86.259995,85.514648,0,5.643746,0.612728,4.300022,0.183517,6.866666667,5.680755529,6.903676196,0.612728
136,136,1102562,55544.75115,2010,12,14,18,1,39.13584,0.25272,170.394466,27.5424,90.555505,35.199466,90.547709,35.222372,0.244404,68.028304,66.891918,-3.56729,35.404361,119.15946,105.080457,38.156357,2.695523,304.979193,4.275425,6.554433,0.867521,0.868326,262.487719,141.326451,221.728904,16.780415,41.448575,159.914812,21.432434,262.487719,0.192823,0.125694,0.124215,0.153062,0.12689,0.680886,0.013838,0.003883,0.195161,1.694668,2.627264,0.12689,0.192823,0.125694,0.210301,0.372441,-27.314929,J5_Com  ,2010,12,14,27,1,39.3,106.841881,85.215645,88.739685,87.530617,0,4.893559,0.222966,3.571446,0.183517,5.7375,4.510512418,5.354453418,0.222966
137,137,1102665,55544.76022,2010,12,14,18,14,43.04832,0.30264,110.073489,27.830079,256.69527,20.849647,256.286462,19.847235,0.465412,37.626853,36.086537,-11.316671,23.731671,104.404189,93.728378,94.381466,1.733635,84.32592,4.286199,1.639299,0.920979,0.129539,262.496946,13.33735,324.223786,2.098877,36.052739,107.757742,5.621198,262.496946,3.468353,2.878309,5.89561,2.355464,0.580573,0.437122,0.011329,0.035022,7.710515,12.55525,0.868538,0.580573,3.468353,2.878309,1.113366,0.102122,-35.659959,J5_Gem  ,2010,12,14,27,14,43.23333333,64.512413,341.972687,88.570206,88.82476,1,4.044504,0.58119,3.275639,0.25025,4.821111111,3.949920209,4.72652732,0.58119
138,138,1102934,55544.7831,2010,12,14,18,47,39.81168,0.234,143.944142,26.423133,164.855516,8.706554,162.450972,8.733934,0.078353,58.786191,57.712645,-11.852531,28.228247,114.860448,101.253264,197.781013,2.815439,214.274758,2.342395,2.242159,0.902501,0.218608,262.520214,144.641778,309.781532,3.357373,38.07562,137.621326,11.456854,262.520214,0.225698,0.270959,0.913765,0.239122,0.038232,0.070212,0.003604,0.003061,0.782402,0.994997,0.157773,0.038232,0.225698,0.270959,0.60022,0.201944,-37.678791,  spo   ,2010,12,14,27,47,39.9,86.649673,86.594559,86.706322,85.769989,0,5.94485,0.646623,4.824533,0.15015,6.1025,5.641374786,5.799024786,0.646623
139,139,1102995,55544.7877,2010,12,14,18,54,17.53368,0.50232,101.388762,9.998737,247.017844,45.355544,246.537458,42.699533,2.102206,26.756339,24.609076,-14.758506,27.838381,100.77867,91.022277,283.607047,3.828017,17.463127,3.378169,1.139286,0.709503,0.330959,82.524896,13.847014,126.820811,1.216043,32.481718,101.51177,-12.985199,262.524896,0.402554,0.389171,0.367399,0.267417,0.11501,0.018169,0.003904,0.006094,0.452533,1.536905,0.029094,0.11501,0.402554,0.389171,1.1979,-0.237376,-48.180132,J5_Mon  ,2010,12,14,27,54,17.56666667,206.163071,209.651398,87.443207,87.539169,1,6.67005,0.691848,4.693551,0.083417,7.37,6.648356793,7.348306793,0.691848
140,140,1103226,55544.80598,2010,12,14,19,20,36.78968,0.14352,115.524794,33.013945,276.134403,28.27392,276.273613,26.977436,0.737502,34.984729,33.359577,-11.597308,22.34156,97.245107,92.823705,258.254435,4.016495,249.574049,2.901625,1.167877,0.879455,0.140781,262.543484,24.832165,326.244545,1.262105,32.782824,111.635142,11.473236,262.543484,2.066247,1.011665,1.42092,1.559277,0.516756,0.111064,0.010492,0.018324,3.9249,5.795762,0.180996,0.516756,2.066247,1.011665,1.03697,0.207136,-38.579262,J5_Gem  ,2010,12,14,28,20,36.83333333,314.293854,325.781342,87.377838,87.519203,10,5.460255,0.546782,4.598943,0.083417,6.845,5.515576352,6.900321352,0.546782
141,141,1103305,55544.81109,2010,12,14,19,27,57.7268,0.29952,172.828718,-8.383023,150.945062,47.689905,150.549427,47.447357,0.353161,66.713689,65.643381,-1.737664,40.988139,118.099189,104.651752,157.584271,3.295909,324.744827,4.508816,1.732577,0.446606,0.958798,82.548674,160.618527,336.348353,2.280546,36.467064,176.774106,-10.537823,262.548674,0.051595,0.101727,0.011507,0.104996,0.132612,0.036054,0.011701,0.001452,0.177451,1.663958,0.071198,0.132612,0.051595,0.101727,-0.070129,-0.183712,19.065003,  spo   ,2010,12,14,28,27,57.9,255.07782,248.79689,86.385513,87.126427,1,4.14925,0.177929,3.651828,0.133467,6.201666667,3.78442067,5.836837337,0.177929
142,142,1103814,55544.84388,2010,12,14,20,15,11.08624,0.22464,200.894043,10.780093,116.036418,41.703318,115.794133,41.580107,0.369649,60.751582,59.493695,-1.84249,27.61911,104.505634,94.325999,124.784491,8.300419,137.274204,3.958029,1.604222,0.673662,0.523519,262.582025,139.952902,80.615296,2.031874,35.883758,195.065976,18.117079,262.582025,0.484006,0.521517,0.887582,0.10852,0.110711,0.066994,0.010558,0.009865,1.247909,3.53347,0.127398,0.110711,0.484006,0.521517,-0.374465,0.316347,48.200894,  spo   ,2010,12,14,29,15,11.23333333,320.202515,320.710693,87.167465,87.036774,10,3.211639,0.163388,0.84182,1.067731,4.9875,3.093073748,4.868934748,0.163388
143,143,1103933,55544.85084,2010,12,14,20,25,12.18232,0.25584,145.768585,10.817521,222.2356,30.243756,221.709786,29.798756,0.241293,62.972838,62.116992,-9.003573,39.554817,102.794157,88.978044,223.15851,2.632458,39.642443,2.130529,2.390744,0.855091,0.346441,82.5891,173.106885,113.947616,3.696576,38.407367,144.3902,-2.727101,262.5891,0.332204,0.325774,0.469373,0.232504,0.145735,0.125679,0.008217,0.007854,0.716765,1.845697,0.291882,0.145735,0.332204,0.325774,0.493162,-0.047965,-41.158914,  spo   ,2010,12,14,29,25,12.23333333,136.988068,141.644928,85.267128,85.739441,0,5.631677,0.265102,5.882721,0.083416,6.9925,5.569542113,6.930365113,0.265102
144,144,1104121,55544.86259,2010,12,14,20,42,7.62064,0.1872,184.107198,-4.702835,158.859699,41.671425,158.419755,41.489275,0.267559,71.101953,70.135412,-0.240138,36.341021,109.287948,99.395183,135.980216,4.875072,65.472256,2.05432,5.83951,0.857742,0.830716,82.601053,175.062282,311.454063,14.111221,41.242791,185.636151,-2.684189,262.601053,0.092483,0.165517,0.069465,0.156273,0.176736,0.643751,0.015657,0.00453,0.289072,1.853679,2.346064,0.176736,0.092483,0.165517,-0.224494,-0.046937,30.764527,J5_xVi  ,2010,12,14,29,42,7.666666667,37.036083,38.708401,89.025993,88.495018,10,3.918854,0.187585,3.634825,0.083416,4.74,3.718122803,4.539268803,0.187585